source,target,type
realDonaldTrump,DonaldJTrumpJr,seed_follows
realDonaldTrump,Jim_Jordan,seed_follows
realDonaldTrump,DiamondandSilk,seed_follows
realDonaldTrump,seanhannity,seed_follows
realDonaldTrump,IvankaTrump,seed_follows
realDonaldTrump,TuckerCarlson,seed_follows
realDonaldTrump,IngrahamAngle,seed_follows
realDonaldTrump,JudgeJeanine,seed_follows
realDonaldTrump,kimguilfoyle,seed_follows
realDonaldTrump,EricTrump,seed_follows
realDonaldTrump,MELANIATRUMP,seed_follows
realDonaldTrump,DanScavino,seed_follows
realDonaldTrump,LouDobbs,seed_follows
realDonaldTrump,Mike_Pence,seed_follows
realDonaldTrump,BillOReilly,seed_follows
realDonaldTrump,TiffanyATrump,seed_follows
realDonaldTrump,KellyannePolls,seed_follows
realDonaldTrump,meremere28,seed_follows
realDonaldTrump,realtrumpcoins1,seed_follows
realDonaldTrump,worldlibertyfi,seed_follows
realDonaldTrump,elonmusk,seed_follows
realDonaldTrump,SpeakerMcCarthy,seed_follows
realDonaldTrump,SenMcConnell,seed_follows
realDonaldTrump,MarkMeadows,seed_follows
realDonaldTrump,MariaBartiromo,seed_follows
realDonaldTrump,RonnaMcDaniel,seed_follows
realDonaldTrump,parscale,seed_follows
realDonaldTrump,PressSec45,seed_follows
realDonaldTrump,JesseBWatters,seed_follows
realDonaldTrump,WhiteHouse45,seed_follows
realDonaldTrump,Scavino45,seed_follows
realDonaldTrump,Reince,seed_follows
realDonaldTrump,RealRomaDowney,seed_follows
realDonaldTrump,Trump,seed_follows
realDonaldTrump,TrumpGolf,seed_follows
realDonaldTrump,TeamTrump,seed_follows
realDonaldTrump,MrsVanessaTrump,seed_follows
realDonaldTrump,LaraLeaTrump,seed_follows
realDonaldTrump,CLewandowski_,seed_follows
realDonaldTrump,KatrinaCampins,seed_follows
realDonaldTrump,foxandfriends,seed_follows
realDonaldTrump,GeraldoRivera,seed_follows
realDonaldTrump,ericbolling,seed_follows
realDonaldTrump,MarkBurnettTV,seed_follows
realDonaldTrump,garyplayer,seed_follows
realDonaldTrump,VinceMcMahon,seed_follows
realDonaldTrump,TrumpDoral,seed_follows
realDonaldTrump,TrumpCharlotte,seed_follows
realDonaldTrump,TrumpLasVegas,seed_follows
realDonaldTrump,TrumpChicago,seed_follows
realDonaldTrump,TrumpGolfDC,seed_follows
realDonaldTrump,TrumpGolfLA,seed_follows
realDonaldTrump,greta,seed_follows
elonmusk,DonaldJTrumpJr,follow_back_within_seed
elonmusk,SpeakerMcCarthy,follow_back_within_seed
elonmusk,seanhannity,follow_back_within_seed
WhiteHouse45,Mike_Pence,follow_back_within_seed
WhiteHouse45,KellyannePolls,follow_back_within_seed
WhiteHouse45,Scavino45,follow_back_within_seed
WhiteHouse45,PressSec45,follow_back_within_seed
WhiteHouse45,realDonaldTrump,follow_back_within_seed
DonaldJTrumpJr,Jim_Jordan,follow_back_within_seed
DonaldJTrumpJr,DiamondandSilk,follow_back_within_seed
IvankaTrump,MELANIATRUMP,follow_back_within_seed
IvankaTrump,DonaldJTrumpJr,follow_back_within_seed
IvankaTrump,Jim_Jordan,follow_back_within_seed
IvankaTrump,DiamondandSilk,follow_back_within_seed
IvankaTrump,SpeakerMcCarthy,follow_back_within_seed
IvankaTrump,seanhannity,follow_back_within_seed
seanhannity,elonmusk,follow_back_within_seed
seanhannity,realDonaldTrump,follow_back_within_seed
Jim_Jordan,SpeakerMcCarthy,follow_back_within_seed
Jim_Jordan,JesseBWatters,follow_back_within_seed
Jim_Jordan,DonaldJTrumpJr,follow_back_within_seed
Jim_Jordan,seanhannity,follow_back_within_seed
Jim_Jordan,elonmusk,follow_back_within_seed
EricTrump,TrumpDoral,follow_back_within_seed
EricTrump,TrumpGolf,follow_back_within_seed
EricTrump,CLewandowski_,follow_back_within_seed
EricTrump,TrumpChicago,follow_back_within_seed
EricTrump,TrumpLasVegas,follow_back_within_seed
EricTrump,parscale,follow_back_within_seed
EricTrump,TrumpCharlotte,follow_back_within_seed
EricTrump,LaraLeaTrump,follow_back_within_seed
EricTrump,MrsVanessaTrump,follow_back_within_seed
EricTrump,Trump,follow_back_within_seed
EricTrump,TrumpGolfLA,follow_back_within_seed
EricTrump,MELANIATRUMP,follow_back_within_seed
EricTrump,SenMcConnell,follow_back_within_seed
EricTrump,KatrinaCampins,follow_back_within_seed
EricTrump,DiamondandSilk,follow_back_within_seed
EricTrump,kimguilfoyle,follow_back_within_seed
EricTrump,DanScavino,follow_back_within_seed
Mike_Pence,SpeakerMcCarthy,follow_back_within_seed
Mike_Pence,RonnaMcDaniel,follow_back_within_seed
Mike_Pence,WhiteHouse45,follow_back_within_seed
Mike_Pence,DanScavino,follow_back_within_seed
PressSec45,seanhannity,follow_back_within_seed
PressSec45,EricTrump,follow_back_within_seed
PressSec45,IngrahamAngle,follow_back_within_seed
PressSec45,MariaBartiromo,follow_back_within_seed
PressSec45,DanScavino,follow_back_within_seed
PressSec45,LouDobbs,follow_back_within_seed
PressSec45,RonnaMcDaniel,follow_back_within_seed
PressSec45,Mike_Pence,follow_back_within_seed
PressSec45,TiffanyATrump,follow_back_within_seed
PressSec45,MarkMeadows,follow_back_within_seed
PressSec45,Jim_Jordan,follow_back_within_seed
PressSec45,ericbolling,follow_back_within_seed
PressSec45,BillOReilly,follow_back_within_seed
PressSec45,JesseBWatters,follow_back_within_seed
PressSec45,JudgeJeanine,follow_back_within_seed
PressSec45,LaraLeaTrump,follow_back_within_seed
IngrahamAngle,Jim_Jordan,follow_back_within_seed
IngrahamAngle,DiamondandSilk,follow_back_within_seed
IngrahamAngle,SpeakerMcCarthy,follow_back_within_seed
IngrahamAngle,seanhannity,follow_back_within_seed
IngrahamAngle,TiffanyATrump,follow_back_within_seed
JudgeJeanine,MELANIATRUMP,follow_back_within_seed
JudgeJeanine,GeraldoRivera,follow_back_within_seed
JudgeJeanine,Jim_Jordan,follow_back_within_seed
JudgeJeanine,DiamondandSilk,follow_back_within_seed
JudgeJeanine,SpeakerMcCarthy,follow_back_within_seed
JudgeJeanine,seanhannity,follow_back_within_seed
JudgeJeanine,elonmusk,follow_back_within_seed
MELANIATRUMP,IvankaTrump,follow_back_within_seed
MELANIATRUMP,DanScavino,follow_back_within_seed
MELANIATRUMP,EricTrump,follow_back_within_seed
MELANIATRUMP,foxandfriends,follow_back_within_seed
MELANIATRUMP,realDonaldTrump,follow_back_within_seed
MELANIATRUMP,MariaBartiromo,follow_back_within_seed
MELANIATRUMP,elonmusk,follow_back_within_seed
JesseBWatters,Jim_Jordan,follow_back_within_seed
JesseBWatters,DiamondandSilk,follow_back_within_seed
JesseBWatters,SpeakerMcCarthy,follow_back_within_seed
JesseBWatters,seanhannity,follow_back_within_seed
JesseBWatters,foxandfriends,follow_back_within_seed
JesseBWatters,ericbolling,follow_back_within_seed
JesseBWatters,greta,follow_back_within_seed
JesseBWatters,parscale,follow_back_within_seed
JesseBWatters,BillOReilly,follow_back_within_seed
JesseBWatters,Mike_Pence,follow_back_within_seed
JesseBWatters,realDonaldTrump,follow_back_within_seed
JesseBWatters,Reince,follow_back_within_seed
JesseBWatters,kimguilfoyle,follow_back_within_seed
JesseBWatters,TuckerCarlson,follow_back_within_seed
KellyannePolls,MrsVanessaTrump,follow_back_within_seed
KellyannePolls,Trump,follow_back_within_seed
KellyannePolls,Jim_Jordan,follow_back_within_seed
KellyannePolls,DiamondandSilk,follow_back_within_seed
KellyannePolls,SpeakerMcCarthy,follow_back_within_seed
KellyannePolls,seanhannity,follow_back_within_seed
BillOReilly,GeraldoRivera,follow_back_within_seed
BillOReilly,seanhannity,follow_back_within_seed
BillOReilly,kimguilfoyle,follow_back_within_seed
BillOReilly,IngrahamAngle,follow_back_within_seed
BillOReilly,MariaBartiromo,follow_back_within_seed
BillOReilly,EricTrump,follow_back_within_seed
BillOReilly,greta,follow_back_within_seed
BillOReilly,KellyannePolls,follow_back_within_seed
BillOReilly,DonaldJTrumpJr,follow_back_within_seed
SpeakerMcCarthy,Jim_Jordan,follow_back_within_seed
SpeakerMcCarthy,seanhannity,follow_back_within_seed
SpeakerMcCarthy,elonmusk,follow_back_within_seed
SpeakerMcCarthy,JesseBWatters,follow_back_within_seed
SpeakerMcCarthy,ericbolling,follow_back_within_seed
SpeakerMcCarthy,foxandfriends,follow_back_within_seed
SpeakerMcCarthy,greta,follow_back_within_seed
SpeakerMcCarthy,parscale,follow_back_within_seed
SpeakerMcCarthy,Reince,follow_back_within_seed
TeamTrump,EricTrump,follow_back_within_seed
TeamTrump,kimguilfoyle,follow_back_within_seed
TeamTrump,DanScavino,follow_back_within_seed
TeamTrump,TiffanyATrump,follow_back_within_seed
TeamTrump,KellyannePolls,follow_back_within_seed
TeamTrump,elonmusk,follow_back_within_seed
TeamTrump,MariaBartiromo,follow_back_within_seed
TeamTrump,TuckerCarlson,follow_back_within_seed
DiamondandSilk,kimguilfoyle,follow_back_within_seed
DiamondandSilk,TiffanyATrump,follow_back_within_seed
DiamondandSilk,WhiteHouse45,follow_back_within_seed
DiamondandSilk,elonmusk,follow_back_within_seed
DiamondandSilk,seanhannity,follow_back_within_seed
DiamondandSilk,TuckerCarlson,follow_back_within_seed
DiamondandSilk,DanScavino,follow_back_within_seed
DiamondandSilk,IvankaTrump,follow_back_within_seed
DiamondandSilk,LaraLeaTrump,follow_back_within_seed
DiamondandSilk,TeamTrump,follow_back_within_seed
DiamondandSilk,EricTrump,follow_back_within_seed
DiamondandSilk,JesseBWatters,follow_back_within_seed
DiamondandSilk,MELANIATRUMP,follow_back_within_seed
DiamondandSilk,realDonaldTrump,follow_back_within_seed
DiamondandSilk,LouDobbs,follow_back_within_seed
DiamondandSilk,DonaldJTrumpJr,follow_back_within_seed
DiamondandSilk,Mike_Pence,follow_back_within_seed
DiamondandSilk,CLewandowski_,follow_back_within_seed
LouDobbs,MELANIATRUMP,follow_back_within_seed
LouDobbs,DiamondandSilk,follow_back_within_seed
LouDobbs,SpeakerMcCarthy,follow_back_within_seed
LouDobbs,BillOReilly,follow_back_within_seed
LouDobbs,TuckerCarlson,follow_back_within_seed
LouDobbs,Scavino45,follow_back_within_seed
LouDobbs,CLewandowski_,follow_back_within_seed
kimguilfoyle,DiamondandSilk,follow_back_within_seed
kimguilfoyle,SpeakerMcCarthy,follow_back_within_seed
kimguilfoyle,ericbolling,follow_back_within_seed
kimguilfoyle,foxandfriends,follow_back_within_seed
VinceMcMahon,realDonaldTrump,follow_back_within_seed
DanScavino,ericbolling,follow_back_within_seed
DanScavino,foxandfriends,follow_back_within_seed
DanScavino,parscale,follow_back_within_seed
DanScavino,CLewandowski_,follow_back_within_seed
DanScavino,Reince,follow_back_within_seed
DanScavino,Jim_Jordan,follow_back_within_seed
DanScavino,SpeakerMcCarthy,follow_back_within_seed
DanScavino,Mike_Pence,follow_back_within_seed
DanScavino,LouDobbs,follow_back_within_seed
DanScavino,realDonaldTrump,follow_back_within_seed
DanScavino,kimguilfoyle,follow_back_within_seed
DanScavino,JudgeJeanine,follow_back_within_seed
DanScavino,TuckerCarlson,follow_back_within_seed
DanScavino,EricTrump,follow_back_within_seed
DanScavino,IvankaTrump,follow_back_within_seed
DanScavino,LaraLeaTrump,follow_back_within_seed
DanScavino,elonmusk,follow_back_within_seed
DanScavino,DonaldJTrumpJr,follow_back_within_seed
DanScavino,JesseBWatters,follow_back_within_seed
LaraLeaTrump,Jim_Jordan,follow_back_within_seed
LaraLeaTrump,SpeakerMcCarthy,follow_back_within_seed
LaraLeaTrump,foxandfriends,follow_back_within_seed
LaraLeaTrump,parscale,follow_back_within_seed
LaraLeaTrump,ericbolling,follow_back_within_seed
LaraLeaTrump,greta,follow_back_within_seed
LaraLeaTrump,DiamondandSilk,follow_back_within_seed
LaraLeaTrump,kimguilfoyle,follow_back_within_seed
LaraLeaTrump,EricTrump,follow_back_within_seed
LaraLeaTrump,MELANIATRUMP,follow_back_within_seed
LaraLeaTrump,JudgeJeanine,follow_back_within_seed
LaraLeaTrump,LouDobbs,follow_back_within_seed
LaraLeaTrump,realDonaldTrump,follow_back_within_seed
LaraLeaTrump,KatrinaCampins,follow_back_within_seed
LaraLeaTrump,Reince,follow_back_within_seed
LaraLeaTrump,seanhannity,follow_back_within_seed
LaraLeaTrump,DonaldJTrumpJr,follow_back_within_seed
LaraLeaTrump,BillOReilly,follow_back_within_seed
LaraLeaTrump,Mike_Pence,follow_back_within_seed
LaraLeaTrump,TrumpGolfLA,follow_back_within_seed
LaraLeaTrump,TuckerCarlson,follow_back_within_seed
LaraLeaTrump,TrumpChicago,follow_back_within_seed
LaraLeaTrump,IvankaTrump,follow_back_within_seed
LaraLeaTrump,JesseBWatters,follow_back_within_seed
LaraLeaTrump,IngrahamAngle,follow_back_within_seed
LaraLeaTrump,elonmusk,follow_back_within_seed
LaraLeaTrump,GeraldoRivera,follow_back_within_seed
LaraLeaTrump,TiffanyATrump,follow_back_within_seed
SenMcConnell,Mike_Pence,follow_back_within_seed
SenMcConnell,PressSec45,follow_back_within_seed
SenMcConnell,realDonaldTrump,follow_back_within_seed
SenMcConnell,WhiteHouse45,follow_back_within_seed
MariaBartiromo,GeraldoRivera,follow_back_within_seed
MariaBartiromo,MELANIATRUMP,follow_back_within_seed
MariaBartiromo,DiamondandSilk,follow_back_within_seed
MariaBartiromo,SpeakerMcCarthy,follow_back_within_seed
RonnaMcDaniel,KatrinaCampins,follow_back_within_seed
RonnaMcDaniel,parscale,follow_back_within_seed
RonnaMcDaniel,GeraldoRivera,follow_back_within_seed
RonnaMcDaniel,MrsVanessaTrump,follow_back_within_seed
RonnaMcDaniel,SenMcConnell,follow_back_within_seed
RonnaMcDaniel,SpeakerMcCarthy,follow_back_within_seed
RonnaMcDaniel,seanhannity,follow_back_within_seed
RonnaMcDaniel,MarkBurnettTV,follow_back_within_seed
RonnaMcDaniel,Trump,follow_back_within_seed
RonnaMcDaniel,CLewandowski_,follow_back_within_seed
greta,Reince,follow_back_within_seed
greta,kimguilfoyle,follow_back_within_seed
greta,MariaBartiromo,follow_back_within_seed
greta,GeraldoRivera,follow_back_within_seed
greta,MarkBurnettTV,follow_back_within_seed
greta,MrsVanessaTrump,follow_back_within_seed
foxandfriends,EricTrump,follow_back_within_seed
foxandfriends,LaraLeaTrump,follow_back_within_seed
ericbolling,MarkBurnettTV,follow_back_within_seed
ericbolling,KatrinaCampins,follow_back_within_seed
ericbolling,kimguilfoyle,follow_back_within_seed
ericbolling,worldlibertyfi,follow_back_within_seed
MarkMeadows,SpeakerMcCarthy,follow_back_within_seed
MarkMeadows,elonmusk,follow_back_within_seed
TiffanyATrump,MrsVanessaTrump,follow_back_within_seed
TiffanyATrump,Reince,follow_back_within_seed
TiffanyATrump,Trump,follow_back_within_seed
TiffanyATrump,kimguilfoyle,follow_back_within_seed
TiffanyATrump,EricTrump,follow_back_within_seed
TiffanyATrump,MELANIATRUMP,follow_back_within_seed
TiffanyATrump,DanScavino,follow_back_within_seed
TiffanyATrump,RonnaMcDaniel,follow_back_within_seed
TiffanyATrump,KellyannePolls,follow_back_within_seed
TiffanyATrump,parscale,follow_back_within_seed
TiffanyATrump,SpeakerMcCarthy,follow_back_within_seed
TiffanyATrump,Scavino45,follow_back_within_seed
TiffanyATrump,TeamTrump,follow_back_within_seed
TiffanyATrump,MariaBartiromo,follow_back_within_seed
TiffanyATrump,Jim_Jordan,follow_back_within_seed
TiffanyATrump,elonmusk,follow_back_within_seed
garyplayer,LouDobbs,follow_back_within_seed
garyplayer,DonaldJTrumpJr,follow_back_within_seed
garyplayer,EricTrump,follow_back_within_seed
Reince,parscale,follow_back_within_seed
Reince,SpeakerMcCarthy,follow_back_within_seed
Reince,foxandfriends,follow_back_within_seed
Reince,greta,follow_back_within_seed
Reince,KellyannePolls,follow_back_within_seed
Reince,LaraLeaTrump,follow_back_within_seed
Reince,JesseBWatters,follow_back_within_seed
Reince,SenMcConnell,follow_back_within_seed
Reince,seanhannity,follow_back_within_seed
Reince,TuckerCarlson,follow_back_within_seed
Reince,LouDobbs,follow_back_within_seed
Reince,IngrahamAngle,follow_back_within_seed
Reince,DonaldJTrumpJr,follow_back_within_seed
Reince,Mike_Pence,follow_back_within_seed
Reince,EricTrump,follow_back_within_seed
Reince,realDonaldTrump,follow_back_within_seed
Reince,IvankaTrump,follow_back_within_seed
Reince,MarkMeadows,follow_back_within_seed
Reince,MELANIATRUMP,follow_back_within_seed
Reince,RonnaMcDaniel,follow_back_within_seed
Reince,DanScavino,follow_back_within_seed
worldlibertyfi,EricTrump,follow_back_within_seed
worldlibertyfi,DonaldJTrumpJr,follow_back_within_seed
worldlibertyfi,elonmusk,follow_back_within_seed
worldlibertyfi,realDonaldTrump,follow_back_within_seed
Scavino45,foxandfriends,follow_back_within_seed
Scavino45,greta,follow_back_within_seed
Scavino45,ericbolling,follow_back_within_seed
Scavino45,LouDobbs,follow_back_within_seed
Scavino45,Mike_Pence,follow_back_within_seed
Scavino45,SpeakerMcCarthy,follow_back_within_seed
Scavino45,Jim_Jordan,follow_back_within_seed
Scavino45,TuckerCarlson,follow_back_within_seed
Scavino45,realDonaldTrump,follow_back_within_seed
Scavino45,JudgeJeanine,follow_back_within_seed
Scavino45,kimguilfoyle,follow_back_within_seed
Scavino45,EricTrump,follow_back_within_seed
Scavino45,seanhannity,follow_back_within_seed
Scavino45,DonaldJTrumpJr,follow_back_within_seed
Scavino45,IvankaTrump,follow_back_within_seed
Scavino45,LaraLeaTrump,follow_back_within_seed
Scavino45,JesseBWatters,follow_back_within_seed
Trump,MELANIATRUMP,follow_back_within_seed
Trump,EricTrump,follow_back_within_seed
Trump,realtrumpcoins1,follow_back_within_seed
Trump,TrumpGolfDC,follow_back_within_seed
Trump,MrsVanessaTrump,follow_back_within_seed
Trump,DonaldJTrumpJr,follow_back_within_seed
Trump,TrumpDoral,follow_back_within_seed
Trump,TrumpGolfLA,follow_back_within_seed
Trump,TrumpLasVegas,follow_back_within_seed
Trump,TrumpChicago,follow_back_within_seed
Trump,realDonaldTrump,follow_back_within_seed
Trump,worldlibertyfi,follow_back_within_seed
Trump,TiffanyATrump,follow_back_within_seed
Trump,LaraLeaTrump,follow_back_within_seed
Trump,TrumpGolf,follow_back_within_seed
Trump,IvankaTrump,follow_back_within_seed
Trump,TrumpCharlotte,follow_back_within_seed
parscale,greta,follow_back_within_seed
parscale,foxandfriends,follow_back_within_seed
parscale,ericbolling,follow_back_within_seed
parscale,Jim_Jordan,follow_back_within_seed
parscale,kimguilfoyle,follow_back_within_seed
parscale,EricTrump,follow_back_within_seed
parscale,LouDobbs,follow_back_within_seed
parscale,RonnaMcDaniel,follow_back_within_seed
parscale,Reince,follow_back_within_seed
parscale,SpeakerMcCarthy,follow_back_within_seed
parscale,realDonaldTrump,follow_back_within_seed
parscale,JudgeJeanine,follow_back_within_seed
parscale,KatrinaCampins,follow_back_within_seed
parscale,TuckerCarlson,follow_back_within_seed
parscale,BillOReilly,follow_back_within_seed
parscale,Mike_Pence,follow_back_within_seed
parscale,seanhannity,follow_back_within_seed
parscale,IngrahamAngle,follow_back_within_seed
parscale,elonmusk,follow_back_within_seed
parscale,MELANIATRUMP,follow_back_within_seed
parscale,DonaldJTrumpJr,follow_back_within_seed
parscale,JesseBWatters,follow_back_within_seed
parscale,IvankaTrump,follow_back_within_seed
parscale,LaraLeaTrump,follow_back_within_seed
parscale,GeraldoRivera,follow_back_within_seed
parscale,TiffanyATrump,follow_back_within_seed
parscale,MariaBartiromo,follow_back_within_seed
parscale,MarkMeadows,follow_back_within_seed
parscale,DiamondandSilk,follow_back_within_seed
parscale,DanScavino,follow_back_within_seed
CLewandowski_,EricTrump,follow_back_within_seed
CLewandowski_,DonaldJTrumpJr,follow_back_within_seed
CLewandowski_,IngrahamAngle,follow_back_within_seed
CLewandowski_,Mike_Pence,follow_back_within_seed
CLewandowski_,TiffanyATrump,follow_back_within_seed
CLewandowski_,LouDobbs,follow_back_within_seed
CLewandowski_,MrsVanessaTrump,follow_back_within_seed
CLewandowski_,Scavino45,follow_back_within_seed
CLewandowski_,LaraLeaTrump,follow_back_within_seed
CLewandowski_,IvankaTrump,follow_back_within_seed
CLewandowski_,DanScavino,follow_back_within_seed
CLewandowski_,JudgeJeanine,follow_back_within_seed
CLewandowski_,MELANIATRUMP,follow_back_within_seed
CLewandowski_,DiamondandSilk,follow_back_within_seed
CLewandowski_,KellyannePolls,follow_back_within_seed
CLewandowski_,seanhannity,follow_back_within_seed
CLewandowski_,realDonaldTrump,follow_back_within_seed
MrsVanessaTrump,RonnaMcDaniel,follow_back_within_seed
MrsVanessaTrump,Trump,follow_back_within_seed
MrsVanessaTrump,MELANIATRUMP,follow_back_within_seed
MrsVanessaTrump,LaraLeaTrump,follow_back_within_seed
MrsVanessaTrump,kimguilfoyle,follow_back_within_seed
MrsVanessaTrump,TrumpGolf,follow_back_within_seed
MrsVanessaTrump,DanScavino,follow_back_within_seed
MrsVanessaTrump,TrumpDoral,follow_back_within_seed
MrsVanessaTrump,parscale,follow_back_within_seed
MrsVanessaTrump,TrumpLasVegas,follow_back_within_seed
MrsVanessaTrump,TrumpChicago,follow_back_within_seed
MrsVanessaTrump,TuckerCarlson,follow_back_within_seed
MrsVanessaTrump,KellyannePolls,follow_back_within_seed
MrsVanessaTrump,EricTrump,follow_back_within_seed
MrsVanessaTrump,TrumpCharlotte,follow_back_within_seed
MrsVanessaTrump,TiffanyATrump,follow_back_within_seed
MrsVanessaTrump,TrumpGolfLA,follow_back_within_seed
MrsVanessaTrump,TrumpGolfDC,follow_back_within_seed
GeraldoRivera,kimguilfoyle,follow_back_within_seed
GeraldoRivera,JudgeJeanine,follow_back_within_seed
GeraldoRivera,greta,follow_back_within_seed
GeraldoRivera,foxandfriends,follow_back_within_seed
GeraldoRivera,ericbolling,follow_back_within_seed
GeraldoRivera,SpeakerMcCarthy,follow_back_within_seed
GeraldoRivera,Reince,follow_back_within_seed
RealRomaDowney,kimguilfoyle,follow_back_within_seed
RealRomaDowney,foxandfriends,follow_back_within_seed
RealRomaDowney,greta,follow_back_within_seed
KatrinaCampins,Jim_Jordan,follow_back_within_seed
KatrinaCampins,parscale,follow_back_within_seed
KatrinaCampins,ericbolling,follow_back_within_seed
KatrinaCampins,kimguilfoyle,follow_back_within_seed
KatrinaCampins,EricTrump,follow_back_within_seed
KatrinaCampins,DanScavino,follow_back_within_seed
KatrinaCampins,RonnaMcDaniel,follow_back_within_seed
KatrinaCampins,GeraldoRivera,follow_back_within_seed
KatrinaCampins,TiffanyATrump,follow_back_within_seed
KatrinaCampins,MrsVanessaTrump,follow_back_within_seed
KatrinaCampins,Trump,follow_back_within_seed
KatrinaCampins,CLewandowski_,follow_back_within_seed
KatrinaCampins,SpeakerMcCarthy,follow_back_within_seed
KatrinaCampins,LouDobbs,follow_back_within_seed
KatrinaCampins,TuckerCarlson,follow_back_within_seed
KatrinaCampins,BillOReilly,follow_back_within_seed
KatrinaCampins,Mike_Pence,follow_back_within_seed
KatrinaCampins,Reince,follow_back_within_seed
KatrinaCampins,seanhannity,follow_back_within_seed
KatrinaCampins,LaraLeaTrump,follow_back_within_seed
KatrinaCampins,TrumpChicago,follow_back_within_seed
KatrinaCampins,elonmusk,follow_back_within_seed
KatrinaCampins,IngrahamAngle,follow_back_within_seed
KatrinaCampins,JesseBWatters,follow_back_within_seed
MarkBurnettTV,RealRomaDowney,follow_back_within_seed
MarkBurnettTV,realDonaldTrump,follow_back_within_seed
MarkBurnettTV,IvankaTrump,follow_back_within_seed
TrumpGolf,TrumpCharlotte,follow_back_within_seed
TrumpGolf,TiffanyATrump,follow_back_within_seed
TrumpGolf,parscale,follow_back_within_seed
TrumpGolf,IvankaTrump,follow_back_within_seed
TrumpGolf,LaraLeaTrump,follow_back_within_seed
TrumpGolf,EricTrump,follow_back_within_seed
TrumpGolf,garyplayer,follow_back_within_seed
TrumpGolf,TrumpGolfDC,follow_back_within_seed
TrumpGolf,MrsVanessaTrump,follow_back_within_seed
TrumpGolf,MELANIATRUMP,follow_back_within_seed
TrumpGolf,TrumpLasVegas,follow_back_within_seed
TrumpGolf,DonaldJTrumpJr,follow_back_within_seed
TrumpGolf,TrumpChicago,follow_back_within_seed
TrumpGolf,TrumpGolfLA,follow_back_within_seed
TrumpGolf,realDonaldTrump,follow_back_within_seed
TrumpGolf,TrumpDoral,follow_back_within_seed
TrumpGolf,Trump,follow_back_within_seed
TrumpGolf,realtrumpcoins1,follow_back_within_seed
TrumpLasVegas,EricTrump,follow_back_within_seed
TrumpLasVegas,MELANIATRUMP,follow_back_within_seed
TrumpLasVegas,Trump,follow_back_within_seed
TrumpLasVegas,TrumpGolfDC,follow_back_within_seed
TrumpLasVegas,TrumpGolfLA,follow_back_within_seed
TrumpLasVegas,TrumpGolf,follow_back_within_seed
TrumpLasVegas,LaraLeaTrump,follow_back_within_seed
TrumpLasVegas,PressSec45,follow_back_within_seed
TrumpLasVegas,TrumpCharlotte,follow_back_within_seed
TrumpLasVegas,TrumpDoral,follow_back_within_seed
TrumpGolfDC,TrumpGolf,follow_back_within_seed
TrumpGolfDC,TrumpChicago,follow_back_within_seed
TrumpGolfDC,TrumpCharlotte,follow_back_within_seed
TrumpGolfDC,TrumpDoral,follow_back_within_seed
TrumpGolfDC,TrumpGolfLA,follow_back_within_seed
TrumpGolfDC,TrumpLasVegas,follow_back_within_seed
TrumpGolfDC,EricTrump,follow_back_within_seed
TrumpGolfDC,TiffanyATrump,follow_back_within_seed
TrumpGolfDC,Trump,follow_back_within_seed
TrumpGolfDC,LaraLeaTrump,follow_back_within_seed
TrumpGolfDC,DonaldJTrumpJr,follow_back_within_seed
TrumpGolfDC,realDonaldTrump,follow_back_within_seed
TrumpGolfDC,IvankaTrump,follow_back_within_seed
TrumpDoral,EricTrump,follow_back_within_seed
TrumpDoral,DanScavino,follow_back_within_seed
TrumpDoral,MELANIATRUMP,follow_back_within_seed
TrumpDoral,Trump,follow_back_within_seed
TrumpDoral,TrumpGolfDC,follow_back_within_seed
TrumpDoral,TrumpGolfLA,follow_back_within_seed
TrumpDoral,TrumpGolf,follow_back_within_seed
TrumpDoral,TrumpCharlotte,follow_back_within_seed
TrumpGolfLA,EricTrump,follow_back_within_seed
TrumpGolfLA,LaraLeaTrump,follow_back_within_seed
TrumpGolfLA,TrumpCharlotte,follow_back_within_seed
TrumpGolfLA,TrumpChicago,follow_back_within_seed
TrumpGolfLA,TrumpDoral,follow_back_within_seed
TrumpGolfLA,TiffanyATrump,follow_back_within_seed
TrumpGolfLA,TrumpGolf,follow_back_within_seed
TrumpGolfLA,DanScavino,follow_back_within_seed
TrumpGolfLA,TrumpGolfDC,follow_back_within_seed
TrumpGolfLA,Trump,follow_back_within_seed
TrumpGolfLA,TrumpLasVegas,follow_back_within_seed
TrumpGolfLA,DonaldJTrumpJr,follow_back_within_seed
TrumpGolfLA,realDonaldTrump,follow_back_within_seed
TrumpGolfLA,IvankaTrump,follow_back_within_seed
TrumpChicago,EricTrump,follow_back_within_seed
TrumpChicago,DanScavino,follow_back_within_seed
TrumpChicago,MELANIATRUMP,follow_back_within_seed
TrumpChicago,MrsVanessaTrump,follow_back_within_seed
TrumpChicago,Trump,follow_back_within_seed
TrumpChicago,TrumpGolfDC,follow_back_within_seed
TrumpChicago,TrumpGolfLA,follow_back_within_seed
TrumpChicago,TrumpGolf,follow_back_within_seed
TrumpChicago,LaraLeaTrump,follow_back_within_seed
TrumpChicago,WhiteHouse45,follow_back_within_seed
TrumpCharlotte,TrumpDoral,follow_back_within_seed
TrumpCharlotte,TrumpChicago,follow_back_within_seed
TrumpCharlotte,realDonaldTrump,follow_back_within_seed
TrumpCharlotte,TrumpGolfDC,follow_back_within_seed
TrumpCharlotte,DonaldJTrumpJr,follow_back_within_seed
TrumpCharlotte,Mike_Pence,follow_back_within_seed
TrumpCharlotte,MrsVanessaTrump,follow_back_within_seed
TrumpCharlotte,TiffanyATrump,follow_back_within_seed
TrumpCharlotte,parscale,follow_back_within_seed
TrumpCharlotte,TrumpGolfLA,follow_back_within_seed
TrumpCharlotte,TrumpLasVegas,follow_back_within_seed
TrumpCharlotte,DanScavino,follow_back_within_seed
TrumpCharlotte,EricTrump,follow_back_within_seed
TrumpCharlotte,IvankaTrump,follow_back_within_seed
TrumpCharlotte,TrumpGolf,follow_back_within_seed
TrumpCharlotte,LaraLeaTrump,follow_back_within_seed
TrumpCharlotte,Trump,follow_back_within_seed
TrumpCharlotte,Scavino45,follow_back_within_seed
realtrumpcoins1,realDonaldTrump,follow_back_within_seed
realtrumpcoins1,Trump,follow_back_within_seed
meremere28,ericbolling,follow_back_within_seed
meremere28,worldlibertyfi,follow_back_within_seed
meremere28,LaraLeaTrump,follow_back_within_seed
meremere28,TeamTrump,follow_back_within_seed
meremere28,Jim_Jordan,follow_back_within_seed
meremere28,elonmusk,follow_back_within_seed
meremere28,parscale,follow_back_within_seed
meremere28,JudgeJeanine,follow_back_within_seed
meremere28,DonaldJTrumpJr,follow_back_within_seed
meremere28,EricTrump,follow_back_within_seed
meremere28,IvankaTrump,follow_back_within_seed
