source,target,type
kimguilfoyle,CNN,seed_follows
kimguilfoyle,BarackObama,seed_follows
kimguilfoyle,BreakingNews,seed_follows
kimguilfoyle,MSNOWNews,seed_follows
kimguilfoyle,MarketWatch,seed_follows
kimguilfoyle,UKParliament,seed_follows
kimguilfoyle,cnni,seed_follows
kimguilfoyle,MattMackowiak,seed_follows
kimguilfoyle,Jason,seed_follows
kimguilfoyle,NYTHealth,seed_follows
kimguilfoyle,BuzzFeed,seed_follows
kimguilfoyle,usatodayDC,seed_follows
kimguilfoyle,alfranken,seed_follows
kimguilfoyle,SooperMexican,seed_follows
kimguilfoyle,nprpolitics,seed_follows
kimguilfoyle,mkhammer,seed_follows
kimguilfoyle,RobertBluey,seed_follows
kimguilfoyle,AndrewFeinberg,seed_follows
kimguilfoyle,X,seed_follows
kimguilfoyle,RedCross,seed_follows
kimguilfoyle,SpeakerBoehner,seed_follows
kimguilfoyle,SkyNews,seed_follows
kimguilfoyle,MattWhitaker46,seed_follows
kimguilfoyle,chicagotribune,seed_follows
kimguilfoyle,justin_hart,seed_follows
kimguilfoyle,TheEconomist,seed_follows
kimguilfoyle,bbchealth,seed_follows
kimguilfoyle,AJEnglish,seed_follows
kimguilfoyle,nytimes,seed_follows
kimguilfoyle,EWErickson,seed_follows
kimguilfoyle,jack,seed_follows
kimguilfoyle,channingtatum,seed_follows
kimguilfoyle,Delta,seed_follows
kimguilfoyle,derekcollison,seed_follows
kimguilfoyle,stranahan,seed_follows
kimguilfoyle,jdickerson,seed_follows
kimguilfoyle,cnnbrk,seed_follows
kimguilfoyle,YahooNews,seed_follows
kimguilfoyle,WSJopinion,seed_follows
kimguilfoyle,NRCC,seed_follows
kimguilfoyle,SarahHuckabee,seed_follows
kimguilfoyle,FinancialTimes,seed_follows
kimguilfoyle,thehill,seed_follows
kimguilfoyle,MikeNeedham,seed_follows
kimguilfoyle,DLoesch,seed_follows
kimguilfoyle,NPR,seed_follows
kimguilfoyle,BBCBreaking,seed_follows
kimguilfoyle,chrislhayes,seed_follows
kimguilfoyle,RepTomPrice,seed_follows
kimguilfoyle,ericgeller,seed_follows
kimguilfoyle,FoxNews,seed_follows
kimguilfoyle,garyvee,seed_follows
kimguilfoyle,BrighamWomens,seed_follows
kimguilfoyle,tomshillue,seed_follows
kimguilfoyle,espn,seed_follows
kimguilfoyle,PublicHealth,seed_follows
kimguilfoyle,carney,seed_follows
kimguilfoyle,SnoopDogg,seed_follows
kimguilfoyle,TechCrunch,seed_follows
kimguilfoyle,JoeTrippi,seed_follows
kimguilfoyle,JetBlue,seed_follows
kimguilfoyle,accuweather,seed_follows
kimguilfoyle,nytimesbusiness,seed_follows
kimguilfoyle,ufc,seed_follows
kimguilfoyle,WIRED,seed_follows
kimguilfoyle,HouseFloor,seed_follows
kimguilfoyle,alexisohanian,seed_follows
kimguilfoyle,DrPhil,seed_follows
kimguilfoyle,richardbranson,seed_follows
kimguilfoyle,passantino,seed_follows
kimguilfoyle,BBCBusiness,seed_follows
kimguilfoyle,NikkiSchwab,seed_follows
kimguilfoyle,nytimesworld,seed_follows
kimguilfoyle,alx,seed_follows
kimguilfoyle,washingtonpost,seed_follows
kimguilfoyle,BBCWorld,seed_follows
kimguilfoyle,fredthompson,seed_follows
kimguilfoyle,NRSC,seed_follows
kimguilfoyle,Reddit,seed_follows
kimguilfoyle,Ricochet,seed_follows
kimguilfoyle,sacca,seed_follows
kimguilfoyle,joanwalsh,seed_follows
kimguilfoyle,USArmy,seed_follows
kimguilfoyle,RedState,seed_follows
kimguilfoyle,WSJ,seed_follows
kimguilfoyle,enews,seed_follows
kimguilfoyle,Reuters,seed_follows
kimguilfoyle,PJMedia_com,seed_follows
kimguilfoyle,Newsweek,seed_follows
kimguilfoyle,mashable,seed_follows
kimguilfoyle,BBCNews,seed_follows
kimguilfoyle,ThadMcCotter,seed_follows
kimguilfoyle,jennybethm,seed_follows
kimguilfoyle,DavidSacks,seed_follows
kimguilfoyle,pbump,seed_follows
kimguilfoyle,andylevy,seed_follows
kimguilfoyle,RickWarren,seed_follows
kimguilfoyle,abcnews,seed_follows
kimguilfoyle,TODAYshow,seed_follows
kimguilfoyle,ryanjreilly,seed_follows
kimguilfoyle,TomFitton,seed_follows
kimguilfoyle,TheLeoTerrell,seed_follows
kimguilfoyle,marklevinshow,seed_follows
kimguilfoyle,DiamondandSilk,seed_follows
kimguilfoyle,TomiLahren,seed_follows
kimguilfoyle,ACTBrigitte,seed_follows
kimguilfoyle,w_terrence,seed_follows
kimguilfoyle,NEWSMAX,seed_follows
kimguilfoyle,kayleighmcenany,seed_follows
kimguilfoyle,mattgaetz,seed_follows
kimguilfoyle,FmrRepMattGaetz,seed_follows
kimguilfoyle,SpeakerMcCarthy,seed_follows
kimguilfoyle,larryelder,seed_follows
kimguilfoyle,atensnut,seed_follows
kimguilfoyle,ScottPresler,seed_follows
kimguilfoyle,RudyGiuliani,seed_follows
kimguilfoyle,RonnyJacksonTX,seed_follows
kimguilfoyle,RepBoebert,seed_follows
kimguilfoyle,MonicaCrowley,seed_follows
kimguilfoyle,MarshaBlackburn,seed_follows
kimguilfoyle,elenasagiadinou,seed_follows
kimguilfoyle,FLGuard,seed_follows
kimguilfoyle,CMarafatsos,seed_follows
kimguilfoyle,Milajoy,seed_follows
kimguilfoyle,RepLuna,seed_follows
kimguilfoyle,AlBuffalo2nite,seed_follows
kimguilfoyle,War_Radar2,seed_follows
kimguilfoyle,amna_newseng,seed_follows
kimguilfoyle,GreeceMFA,seed_follows
kimguilfoyle,gonultol,seed_follows
kimguilfoyle,PressSec,seed_follows
kimguilfoyle,alexandridisan1,seed_follows
kimguilfoyle,GreeceInUSA,seed_follows
kimguilfoyle,NicusorDanRO,seed_follows
kimguilfoyle,GreekReporter,seed_follows
kimguilfoyle,Joe_Popolo,seed_follows
kimguilfoyle,brandontseng2,seed_follows
kimguilfoyle,Osint613,seed_follows
kimguilfoyle,EtatMajorFR,seed_follows
kimguilfoyle,YianisCharity,seed_follows
kimguilfoyle,davebftv,seed_follows
kimguilfoyle,Christodulides,seed_follows
kimguilfoyle,AskotisPericles,seed_follows
kimguilfoyle,iliasfoukis30,seed_follows
kimguilfoyle,AdonisGeorgiadi,seed_follows
kimguilfoyle,TRobinsonNewEra,seed_follows
kimguilfoyle,ESPNPR,seed_follows
kimguilfoyle,PresidencyGR,seed_follows
kimguilfoyle,Nikos_Lygeros,seed_follows
kimguilfoyle,MarthaByrne10,seed_follows
kimguilfoyle,CatalinPredoiu,seed_follows
kimguilfoyle,SecretaryBurgum,seed_follows
kimguilfoyle,SecretaryWright,seed_follows
kimguilfoyle,ZEUSosX,seed_follows
kimguilfoyle,prokaliptika1,seed_follows
kimguilfoyle,MAGAStormX,seed_follows
kimguilfoyle,FBIDirectorKash,seed_follows
kimguilfoyle,usembvienna,seed_follows
kimguilfoyle,SocialSecurity,seed_follows
kimguilfoyle,IRSnews,seed_follows
kimguilfoyle,hissgoescobra,seed_follows
kimguilfoyle,KurdishGalGadot,seed_follows
kimguilfoyle,TheAHIinDC,seed_follows
kimguilfoyle,OrderStAndrew,seed_follows
kimguilfoyle,jordainc,seed_follows
kimguilfoyle,Girlpatriot1974,seed_follows
kimguilfoyle,TEMPLERTV,seed_follows
kimguilfoyle,dogeai_gov,seed_follows
kimguilfoyle,CraigCaplan,seed_follows
kimguilfoyle,Anc_Aesthetics,seed_follows
kimguilfoyle,The_BTM_Pod,seed_follows
kimguilfoyle,OldStateSaloon,seed_follows
kimguilfoyle,Sassafrass_84,seed_follows
kimguilfoyle,sentdefender,seed_follows
kimguilfoyle,susancrabtree,seed_follows
kimguilfoyle,SecWar,seed_follows
kimguilfoyle,FBISaltLakeCity,seed_follows
kimguilfoyle,narendramodi,seed_follows
kimguilfoyle,PolitlcsGlobal,seed_follows
kimguilfoyle,LeaderJohnThune,seed_follows
kimguilfoyle,RobinsReds_,seed_follows
kimguilfoyle,mrubin1971,seed_follows
kimguilfoyle,mleidig2,seed_follows
kimguilfoyle,Terror_Alarm,seed_follows
kimguilfoyle,petros_tasios,seed_follows
kimguilfoyle,deepwebslinger,seed_follows
kimguilfoyle,megforflorida,seed_follows
kimguilfoyle,TheLizVariant,seed_follows
kimguilfoyle,RepJayapal,seed_follows
kimguilfoyle,RepMikeLawler,seed_follows
kimguilfoyle,POTUS,seed_follows
kimguilfoyle,SecRubio,seed_follows
kimguilfoyle,RepJoeWilson,seed_follows
kimguilfoyle,RepSaraJacobs,seed_follows
kimguilfoyle,RepBrianMast,seed_follows
kimguilfoyle,tcsavunma,seed_follows
kimguilfoyle,USAMBTurkiye,seed_follows
kimguilfoyle,Wildmoment01,seed_follows
kimguilfoyle,JimFergusonUK,seed_follows
CNN,BBCBreaking,follow_back_within_seed
CNN,cnni,follow_back_within_seed
cnnbrk,cnni,follow_back_within_seed
BBCBreaking,BBCWorld,follow_back_within_seed
BBCBreaking,BBCNews,follow_back_within_seed
BBCWorld,BBCBreaking,follow_back_within_seed
BBCWorld,BBCNews,follow_back_within_seed
FoxNews,Reuters,follow_back_within_seed
FoxNews,SkyNews,follow_back_within_seed
FoxNews,TomiLahren,follow_back_within_seed
FoxNews,tomshillue,follow_back_within_seed
WSJ,MarketWatch,follow_back_within_seed
WSJ,POTUS,follow_back_within_seed
WSJ,WSJopinion,follow_back_within_seed
washingtonpost,MSNOWNews,follow_back_within_seed
washingtonpost,thehill,follow_back_within_seed
washingtonpost,Newsweek,follow_back_within_seed
SnoopDogg,alexisohanian,follow_back_within_seed
BBCNews,BBCBreaking,follow_back_within_seed
BBCNews,BBCWorld,follow_back_within_seed
BBCNews,BBCBusiness,follow_back_within_seed
BreakingNews,abcnews,follow_back_within_seed
BreakingNews,accuweather,follow_back_within_seed
mashable,BuzzFeed,follow_back_within_seed
NPR,nprpolitics,follow_back_within_seed
FinancialTimes,MarketWatch,follow_back_within_seed
FinancialTimes,nytimesbusiness,follow_back_within_seed
BuzzFeed,channingtatum,follow_back_within_seed
MSNOWNews,thehill,follow_back_within_seed
MSNOWNews,chrislhayes,follow_back_within_seed
kayleighmcenany,SnoopDogg,follow_back_within_seed
kayleighmcenany,marklevinshow,follow_back_within_seed
kayleighmcenany,NEWSMAX,follow_back_within_seed
kayleighmcenany,mattgaetz,follow_back_within_seed
kayleighmcenany,TomFitton,follow_back_within_seed
kayleighmcenany,FmrRepMattGaetz,follow_back_within_seed
kayleighmcenany,SpeakerMcCarthy,follow_back_within_seed
kayleighmcenany,TomiLahren,follow_back_within_seed
kayleighmcenany,TheLeoTerrell,follow_back_within_seed
kayleighmcenany,w_terrence,follow_back_within_seed
kayleighmcenany,ScottPresler,follow_back_within_seed
kayleighmcenany,DiamondandSilk,follow_back_within_seed
kayleighmcenany,kimguilfoyle,follow_back_within_seed
kayleighmcenany,SecRubio,follow_back_within_seed
kayleighmcenany,RudyGiuliani,follow_back_within_seed
kayleighmcenany,RepLuna,follow_back_within_seed
kayleighmcenany,AndrewFeinberg,follow_back_within_seed
NEWSMAX,BarackObama,follow_back_within_seed
NEWSMAX,CNN,follow_back_within_seed
NEWSMAX,X,follow_back_within_seed
NEWSMAX,nytimes,follow_back_within_seed
NEWSMAX,FoxNews,follow_back_within_seed
NEWSMAX,TheEconomist,follow_back_within_seed
NEWSMAX,WSJ,follow_back_within_seed
NEWSMAX,washingtonpost,follow_back_within_seed
NEWSMAX,NPR,follow_back_within_seed
NEWSMAX,MSNOWNews,follow_back_within_seed
NEWSMAX,thehill,follow_back_within_seed
NEWSMAX,kayleighmcenany,follow_back_within_seed
NEWSMAX,mattgaetz,follow_back_within_seed
NEWSMAX,TomFitton,follow_back_within_seed
NEWSMAX,FmrRepMattGaetz,follow_back_within_seed
NEWSMAX,SpeakerMcCarthy,follow_back_within_seed
NEWSMAX,w_terrence,follow_back_within_seed
NEWSMAX,DiamondandSilk,follow_back_within_seed
NEWSMAX,kimguilfoyle,follow_back_within_seed
NEWSMAX,sentdefender,follow_back_within_seed
NEWSMAX,SarahHuckabee,follow_back_within_seed
NEWSMAX,FBIDirectorKash,follow_back_within_seed
NEWSMAX,SecRubio,follow_back_within_seed
NEWSMAX,PressSec,follow_back_within_seed
NEWSMAX,RudyGiuliani,follow_back_within_seed
NEWSMAX,larryelder,follow_back_within_seed
NEWSMAX,RepBoebert,follow_back_within_seed
NEWSMAX,MonicaCrowley,follow_back_within_seed
NEWSMAX,SecWar,follow_back_within_seed
mattgaetz,BarackObama,follow_back_within_seed
mattgaetz,CNN,follow_back_within_seed
mattgaetz,X,follow_back_within_seed
mattgaetz,cnnbrk,follow_back_within_seed
mattgaetz,espn,follow_back_within_seed
mattgaetz,nytimes,follow_back_within_seed
mattgaetz,BBCBreaking,follow_back_within_seed
mattgaetz,FoxNews,follow_back_within_seed
mattgaetz,TheEconomist,follow_back_within_seed
mattgaetz,Reuters,follow_back_within_seed
mattgaetz,WSJ,follow_back_within_seed
mattgaetz,FinancialTimes,follow_back_within_seed
mattgaetz,marklevinshow,follow_back_within_seed
mattgaetz,MSNOWNews,follow_back_within_seed
mattgaetz,thehill,follow_back_within_seed
mattgaetz,kayleighmcenany,follow_back_within_seed
mattgaetz,NEWSMAX,follow_back_within_seed
mattgaetz,Newsweek,follow_back_within_seed
mattgaetz,TomFitton,follow_back_within_seed
mattgaetz,FmrRepMattGaetz,follow_back_within_seed
mattgaetz,TomiLahren,follow_back_within_seed
mattgaetz,TheLeoTerrell,follow_back_within_seed
mattgaetz,w_terrence,follow_back_within_seed
mattgaetz,DiamondandSilk,follow_back_within_seed
mattgaetz,USArmy,follow_back_within_seed
mattgaetz,chrislhayes,follow_back_within_seed
mattgaetz,SarahHuckabee,follow_back_within_seed
mattgaetz,DavidSacks,follow_back_within_seed
mattgaetz,ACTBrigitte,follow_back_within_seed
mattgaetz,DLoesch,follow_back_within_seed
Newsweek,larryelder,follow_back_within_seed
Newsweek,usatodayDC,follow_back_within_seed
TomFitton,BarackObama,follow_back_within_seed
TomFitton,CNN,follow_back_within_seed
TomFitton,X,follow_back_within_seed
TomFitton,nytimes,follow_back_within_seed
TomFitton,BBCWorld,follow_back_within_seed
TomFitton,FoxNews,follow_back_within_seed
TomFitton,Reuters,follow_back_within_seed
TomFitton,WSJ,follow_back_within_seed
TomFitton,washingtonpost,follow_back_within_seed
TomFitton,ufc,follow_back_within_seed
TomFitton,richardbranson,follow_back_within_seed
TomFitton,TechCrunch,follow_back_within_seed
TomFitton,BreakingNews,follow_back_within_seed
TomFitton,mashable,follow_back_within_seed
TomFitton,NPR,follow_back_within_seed
TomFitton,jack,follow_back_within_seed
TomFitton,BuzzFeed,follow_back_within_seed
TomFitton,marklevinshow,follow_back_within_seed
TomFitton,MSNOWNews,follow_back_within_seed
TomFitton,thehill,follow_back_within_seed
TomFitton,TODAYshow,follow_back_within_seed
TomFitton,NEWSMAX,follow_back_within_seed
TomFitton,mattgaetz,follow_back_within_seed
TomFitton,FmrRepMattGaetz,follow_back_within_seed
TomFitton,SpeakerMcCarthy,follow_back_within_seed
TomFitton,garyvee,follow_back_within_seed
TomFitton,TomiLahren,follow_back_within_seed
TomFitton,nprpolitics,follow_back_within_seed
TomFitton,TheLeoTerrell,follow_back_within_seed
TomFitton,w_terrence,follow_back_within_seed
TomFitton,ScottPresler,follow_back_within_seed
TomFitton,DiamondandSilk,follow_back_within_seed
TomFitton,USArmy,follow_back_within_seed
TomFitton,chrislhayes,follow_back_within_seed
TomFitton,SarahHuckabee,follow_back_within_seed
TomFitton,RickWarren,follow_back_within_seed
TomFitton,larryelder,follow_back_within_seed
TomFitton,jdickerson,follow_back_within_seed
TomFitton,DrPhil,follow_back_within_seed
TomFitton,DavidSacks,follow_back_within_seed
TomFitton,ACTBrigitte,follow_back_within_seed
TomFitton,accuweather,follow_back_within_seed
TomFitton,DLoesch,follow_back_within_seed
TomFitton,Jason,follow_back_within_seed
TomFitton,SpeakerBoehner,follow_back_within_seed
TomFitton,alx,follow_back_within_seed
FmrRepMattGaetz,cnnbrk,follow_back_within_seed
FmrRepMattGaetz,FoxNews,follow_back_within_seed
FmrRepMattGaetz,jack,follow_back_within_seed
FmrRepMattGaetz,marklevinshow,follow_back_within_seed
FmrRepMattGaetz,kayleighmcenany,follow_back_within_seed
FmrRepMattGaetz,NEWSMAX,follow_back_within_seed
FmrRepMattGaetz,mattgaetz,follow_back_within_seed
FmrRepMattGaetz,TomFitton,follow_back_within_seed
FmrRepMattGaetz,SpeakerMcCarthy,follow_back_within_seed
FmrRepMattGaetz,TheLeoTerrell,follow_back_within_seed
FmrRepMattGaetz,w_terrence,follow_back_within_seed
FmrRepMattGaetz,ScottPresler,follow_back_within_seed
FmrRepMattGaetz,kimguilfoyle,follow_back_within_seed
FmrRepMattGaetz,USArmy,follow_back_within_seed
FmrRepMattGaetz,SarahHuckabee,follow_back_within_seed
FmrRepMattGaetz,atensnut,follow_back_within_seed
FmrRepMattGaetz,SecRubio,follow_back_within_seed
FmrRepMattGaetz,MarshaBlackburn,follow_back_within_seed
FmrRepMattGaetz,RepBoebert,follow_back_within_seed
FmrRepMattGaetz,SecWar,follow_back_within_seed
FmrRepMattGaetz,DLoesch,follow_back_within_seed
TomiLahren,CNN,follow_back_within_seed
TomiLahren,BBCWorld,follow_back_within_seed
TomiLahren,FoxNews,follow_back_within_seed
TomiLahren,marklevinshow,follow_back_within_seed
TomiLahren,thehill,follow_back_within_seed
TomiLahren,kayleighmcenany,follow_back_within_seed
TomiLahren,NEWSMAX,follow_back_within_seed
TomiLahren,mattgaetz,follow_back_within_seed
TomiLahren,TomFitton,follow_back_within_seed
TomiLahren,SpeakerMcCarthy,follow_back_within_seed
TomiLahren,TheLeoTerrell,follow_back_within_seed
TomiLahren,w_terrence,follow_back_within_seed
TomiLahren,DiamondandSilk,follow_back_within_seed
TomiLahren,kimguilfoyle,follow_back_within_seed
TomiLahren,SarahHuckabee,follow_back_within_seed
TomiLahren,FBIDirectorKash,follow_back_within_seed
TomiLahren,SecRubio,follow_back_within_seed
TomiLahren,larryelder,follow_back_within_seed
TomiLahren,DrPhil,follow_back_within_seed
TheLeoTerrell,FoxNews,follow_back_within_seed
TheLeoTerrell,marklevinshow,follow_back_within_seed
TheLeoTerrell,POTUS,follow_back_within_seed
TheLeoTerrell,kayleighmcenany,follow_back_within_seed
TheLeoTerrell,mattgaetz,follow_back_within_seed
TheLeoTerrell,TomiLahren,follow_back_within_seed
TheLeoTerrell,w_terrence,follow_back_within_seed
TheLeoTerrell,larryelder,follow_back_within_seed
TheLeoTerrell,ACTBrigitte,follow_back_within_seed
TheLeoTerrell,MonicaCrowley,follow_back_within_seed
abcnews,BarackObama,follow_back_within_seed
abcnews,CNN,follow_back_within_seed
abcnews,cnnbrk,follow_back_within_seed
abcnews,BBCBreaking,follow_back_within_seed
abcnews,BBCWorld,follow_back_within_seed
abcnews,Reuters,follow_back_within_seed
abcnews,AJEnglish,follow_back_within_seed
abcnews,BreakingNews,follow_back_within_seed
abcnews,BuzzFeed,follow_back_within_seed
nytimesworld,narendramodi,follow_back_within_seed
nytimesworld,X,follow_back_within_seed
nytimesworld,cnnbrk,follow_back_within_seed
nytimesworld,nytimes,follow_back_within_seed
nytimesworld,BBCBreaking,follow_back_within_seed
nytimesworld,BBCWorld,follow_back_within_seed
nytimesworld,FoxNews,follow_back_within_seed
nytimesworld,TheEconomist,follow_back_within_seed
nytimesworld,Reuters,follow_back_within_seed
nytimesworld,cnni,follow_back_within_seed
nytimesworld,AJEnglish,follow_back_within_seed
nytimesworld,BreakingNews,follow_back_within_seed
nytimesworld,NPR,follow_back_within_seed
nytimesworld,BuzzFeed,follow_back_within_seed
nytimesworld,Newsweek,follow_back_within_seed
nytimesworld,NYTHealth,follow_back_within_seed
nytimesworld,nytimesbusiness,follow_back_within_seed
w_terrence,jack,follow_back_within_seed
w_terrence,marklevinshow,follow_back_within_seed
w_terrence,kayleighmcenany,follow_back_within_seed
w_terrence,NEWSMAX,follow_back_within_seed
w_terrence,mattgaetz,follow_back_within_seed
w_terrence,TomFitton,follow_back_within_seed
w_terrence,TheLeoTerrell,follow_back_within_seed
w_terrence,ScottPresler,follow_back_within_seed
w_terrence,DiamondandSilk,follow_back_within_seed
w_terrence,kimguilfoyle,follow_back_within_seed
w_terrence,SarahHuckabee,follow_back_within_seed
w_terrence,atensnut,follow_back_within_seed
w_terrence,RudyGiuliani,follow_back_within_seed
w_terrence,larryelder,follow_back_within_seed
w_terrence,MarshaBlackburn,follow_back_within_seed
w_terrence,DavidSacks,follow_back_within_seed
w_terrence,MonicaCrowley,follow_back_within_seed
ScottPresler,mattgaetz,follow_back_within_seed
ScottPresler,TomFitton,follow_back_within_seed
ScottPresler,TheLeoTerrell,follow_back_within_seed
ScottPresler,w_terrence,follow_back_within_seed
ScottPresler,DiamondandSilk,follow_back_within_seed
ScottPresler,atensnut,follow_back_within_seed
ScottPresler,MarshaBlackburn,follow_back_within_seed
ScottPresler,RepBoebert,follow_back_within_seed
ScottPresler,ACTBrigitte,follow_back_within_seed
ScottPresler,alx,follow_back_within_seed
ScottPresler,RonnyJacksonTX,follow_back_within_seed
ScottPresler,MattMackowiak,follow_back_within_seed
DiamondandSilk,kimguilfoyle,follow_back_within_seed
USArmy,POTUS,follow_back_within_seed
USArmy,PressSec,follow_back_within_seed
USArmy,SecWar,follow_back_within_seed
sentdefender,X,follow_back_within_seed
sentdefender,BBCNews,follow_back_within_seed
chrislhayes,BarackObama,follow_back_within_seed
chrislhayes,Reuters,follow_back_within_seed
chrislhayes,MSNOWNews,follow_back_within_seed
chrislhayes,jdickerson,follow_back_within_seed
chrislhayes,JoeTrippi,follow_back_within_seed
chrislhayes,alexisohanian,follow_back_within_seed
BBCBusiness,BBCBreaking,follow_back_within_seed
BBCBusiness,BBCWorld,follow_back_within_seed
BBCBusiness,BBCNews,follow_back_within_seed
SarahHuckabee,marklevinshow,follow_back_within_seed
SarahHuckabee,POTUS,follow_back_within_seed
SarahHuckabee,kayleighmcenany,follow_back_within_seed
SarahHuckabee,NEWSMAX,follow_back_within_seed
SarahHuckabee,mattgaetz,follow_back_within_seed
SarahHuckabee,FmrRepMattGaetz,follow_back_within_seed
SarahHuckabee,SpeakerMcCarthy,follow_back_within_seed
SarahHuckabee,TomiLahren,follow_back_within_seed
SarahHuckabee,w_terrence,follow_back_within_seed
SarahHuckabee,ScottPresler,follow_back_within_seed
SarahHuckabee,DiamondandSilk,follow_back_within_seed
SarahHuckabee,SecRubio,follow_back_within_seed
SarahHuckabee,RudyGiuliani,follow_back_within_seed
SarahHuckabee,larryelder,follow_back_within_seed
SarahHuckabee,MarshaBlackburn,follow_back_within_seed
SarahHuckabee,MonicaCrowley,follow_back_within_seed
SarahHuckabee,RonnyJacksonTX,follow_back_within_seed
SarahHuckabee,LeaderJohnThune,follow_back_within_seed
RickWarren,kayleighmcenany,follow_back_within_seed
FBIDirectorKash,ufc,follow_back_within_seed
FBIDirectorKash,FBISaltLakeCity,follow_back_within_seed
atensnut,X,follow_back_within_seed
atensnut,BBCBreaking,follow_back_within_seed
atensnut,FoxNews,follow_back_within_seed
atensnut,WSJ,follow_back_within_seed
atensnut,SkyNews,follow_back_within_seed
atensnut,TomFitton,follow_back_within_seed
atensnut,ScottPresler,follow_back_within_seed
atensnut,SarahHuckabee,follow_back_within_seed
atensnut,DavidSacks,follow_back_within_seed
atensnut,DLoesch,follow_back_within_seed
atensnut,alx,follow_back_within_seed
atensnut,RedState,follow_back_within_seed
bbchealth,BBCBreaking,follow_back_within_seed
bbchealth,BBCWorld,follow_back_within_seed
bbchealth,BBCNews,follow_back_within_seed
SecRubio,POTUS,follow_back_within_seed
PressSec,Reuters,follow_back_within_seed
PressSec,sentdefender,follow_back_within_seed
PressSec,SocialSecurity,follow_back_within_seed
RudyGiuliani,POTUS,follow_back_within_seed
RudyGiuliani,kayleighmcenany,follow_back_within_seed
RudyGiuliani,NEWSMAX,follow_back_within_seed
RudyGiuliani,mattgaetz,follow_back_within_seed
RudyGiuliani,TomFitton,follow_back_within_seed
RudyGiuliani,FmrRepMattGaetz,follow_back_within_seed
RudyGiuliani,w_terrence,follow_back_within_seed
RudyGiuliani,ScottPresler,follow_back_within_seed
RudyGiuliani,DiamondandSilk,follow_back_within_seed
RudyGiuliani,kimguilfoyle,follow_back_within_seed
RudyGiuliani,SarahHuckabee,follow_back_within_seed
RudyGiuliani,atensnut,follow_back_within_seed
RudyGiuliani,larryelder,follow_back_within_seed
RudyGiuliani,MarshaBlackburn,follow_back_within_seed
RudyGiuliani,ACTBrigitte,follow_back_within_seed
RudyGiuliani,MonicaCrowley,follow_back_within_seed
RudyGiuliani,DLoesch,follow_back_within_seed
RudyGiuliani,alx,follow_back_within_seed
RudyGiuliani,RonnyJacksonTX,follow_back_within_seed
TRobinsonNewEra,BarackObama,follow_back_within_seed
TRobinsonNewEra,BBCBreaking,follow_back_within_seed
TRobinsonNewEra,BBCWorld,follow_back_within_seed
TRobinsonNewEra,FoxNews,follow_back_within_seed
TRobinsonNewEra,Reuters,follow_back_within_seed
TRobinsonNewEra,WSJ,follow_back_within_seed
TRobinsonNewEra,BBCNews,follow_back_within_seed
TRobinsonNewEra,cnni,follow_back_within_seed
TRobinsonNewEra,richardbranson,follow_back_within_seed
TRobinsonNewEra,TechCrunch,follow_back_within_seed
TRobinsonNewEra,AJEnglish,follow_back_within_seed
TRobinsonNewEra,SkyNews,follow_back_within_seed
TRobinsonNewEra,BreakingNews,follow_back_within_seed
TRobinsonNewEra,NPR,follow_back_within_seed
TRobinsonNewEra,jack,follow_back_within_seed
TRobinsonNewEra,thehill,follow_back_within_seed
TRobinsonNewEra,Newsweek,follow_back_within_seed
TRobinsonNewEra,nytimesworld,follow_back_within_seed
TRobinsonNewEra,DavidSacks,follow_back_within_seed
TRobinsonNewEra,DLoesch,follow_back_within_seed
TRobinsonNewEra,alx,follow_back_within_seed
larryelder,mattgaetz,follow_back_within_seed
larryelder,TomFitton,follow_back_within_seed
larryelder,TomiLahren,follow_back_within_seed
larryelder,TheLeoTerrell,follow_back_within_seed
larryelder,w_terrence,follow_back_within_seed
larryelder,ScottPresler,follow_back_within_seed
larryelder,kimguilfoyle,follow_back_within_seed
larryelder,RudyGiuliani,follow_back_within_seed
larryelder,MarshaBlackburn,follow_back_within_seed
larryelder,MonicaCrowley,follow_back_within_seed
larryelder,Milajoy,follow_back_within_seed
jdickerson,pbump,follow_back_within_seed
MarshaBlackburn,BarackObama,follow_back_within_seed
MarshaBlackburn,cnnbrk,follow_back_within_seed
MarshaBlackburn,nytimes,follow_back_within_seed
MarshaBlackburn,FoxNews,follow_back_within_seed
MarshaBlackburn,TheEconomist,follow_back_within_seed
MarshaBlackburn,Reuters,follow_back_within_seed
MarshaBlackburn,WSJ,follow_back_within_seed
MarshaBlackburn,washingtonpost,follow_back_within_seed
MarshaBlackburn,BBCNews,follow_back_within_seed
MarshaBlackburn,cnni,follow_back_within_seed
MarshaBlackburn,NPR,follow_back_within_seed
MarshaBlackburn,marklevinshow,follow_back_within_seed
MarshaBlackburn,MSNOWNews,follow_back_within_seed
MarshaBlackburn,thehill,follow_back_within_seed
MarshaBlackburn,POTUS,follow_back_within_seed
MarshaBlackburn,TODAYshow,follow_back_within_seed
MarshaBlackburn,NEWSMAX,follow_back_within_seed
MarshaBlackburn,mattgaetz,follow_back_within_seed
MarshaBlackburn,TomFitton,follow_back_within_seed
MarshaBlackburn,FmrRepMattGaetz,follow_back_within_seed
MarshaBlackburn,SpeakerMcCarthy,follow_back_within_seed
MarshaBlackburn,TomiLahren,follow_back_within_seed
MarshaBlackburn,w_terrence,follow_back_within_seed
MarshaBlackburn,ScottPresler,follow_back_within_seed
MarshaBlackburn,DiamondandSilk,follow_back_within_seed
MarshaBlackburn,USArmy,follow_back_within_seed
MarshaBlackburn,chrislhayes,follow_back_within_seed
MarshaBlackburn,SarahHuckabee,follow_back_within_seed
MarshaBlackburn,SecRubio,follow_back_within_seed
MarshaBlackburn,PressSec,follow_back_within_seed
MarshaBlackburn,RudyGiuliani,follow_back_within_seed
MarshaBlackburn,larryelder,follow_back_within_seed
MarshaBlackburn,ACTBrigitte,follow_back_within_seed
MarshaBlackburn,MonicaCrowley,follow_back_within_seed
MarshaBlackburn,DLoesch,follow_back_within_seed
Delta,JetBlue,follow_back_within_seed
RepBoebert,NEWSMAX,follow_back_within_seed
RepBoebert,mattgaetz,follow_back_within_seed
RepBoebert,TomFitton,follow_back_within_seed
RepBoebert,FmrRepMattGaetz,follow_back_within_seed
RepBoebert,SpeakerMcCarthy,follow_back_within_seed
RepBoebert,TomiLahren,follow_back_within_seed
RepBoebert,kimguilfoyle,follow_back_within_seed
RepBoebert,FBIDirectorKash,follow_back_within_seed
RepBoebert,MonicaCrowley,follow_back_within_seed
RepBoebert,SecWar,follow_back_within_seed
RepBoebert,RonnyJacksonTX,follow_back_within_seed
DavidSacks,BarackObama,follow_back_within_seed
DavidSacks,X,follow_back_within_seed
DavidSacks,nytimes,follow_back_within_seed
DavidSacks,TheEconomist,follow_back_within_seed
DavidSacks,WSJ,follow_back_within_seed
DavidSacks,SnoopDogg,follow_back_within_seed
DavidSacks,richardbranson,follow_back_within_seed
DavidSacks,TechCrunch,follow_back_within_seed
DavidSacks,WIRED,follow_back_within_seed
DavidSacks,mashable,follow_back_within_seed
DavidSacks,jack,follow_back_within_seed
DavidSacks,garyvee,follow_back_within_seed
DavidSacks,sacca,follow_back_within_seed
DavidSacks,Jason,follow_back_within_seed
DavidSacks,alx,follow_back_within_seed
DavidSacks,alexisohanian,follow_back_within_seed
ACTBrigitte,marklevinshow,follow_back_within_seed
ACTBrigitte,mattgaetz,follow_back_within_seed
ACTBrigitte,TomFitton,follow_back_within_seed
ACTBrigitte,TomiLahren,follow_back_within_seed
ACTBrigitte,TheLeoTerrell,follow_back_within_seed
ACTBrigitte,DiamondandSilk,follow_back_within_seed
ACTBrigitte,kimguilfoyle,follow_back_within_seed
ACTBrigitte,atensnut,follow_back_within_seed
ACTBrigitte,RudyGiuliani,follow_back_within_seed
ACTBrigitte,MarshaBlackburn,follow_back_within_seed
ACTBrigitte,MonicaCrowley,follow_back_within_seed
ACTBrigitte,DLoesch,follow_back_within_seed
ACTBrigitte,RonnyJacksonTX,follow_back_within_seed
ACTBrigitte,RedState,follow_back_within_seed
MonicaCrowley,FoxNews,follow_back_within_seed
MonicaCrowley,WSJ,follow_back_within_seed
MonicaCrowley,mashable,follow_back_within_seed
MonicaCrowley,marklevinshow,follow_back_within_seed
MonicaCrowley,thehill,follow_back_within_seed
MonicaCrowley,NEWSMAX,follow_back_within_seed
MonicaCrowley,TomFitton,follow_back_within_seed
MonicaCrowley,SpeakerMcCarthy,follow_back_within_seed
MonicaCrowley,TomiLahren,follow_back_within_seed
MonicaCrowley,TheLeoTerrell,follow_back_within_seed
MonicaCrowley,DiamondandSilk,follow_back_within_seed
MonicaCrowley,SarahHuckabee,follow_back_within_seed
MonicaCrowley,RickWarren,follow_back_within_seed
MonicaCrowley,atensnut,follow_back_within_seed
MonicaCrowley,PressSec,follow_back_within_seed
MonicaCrowley,RudyGiuliani,follow_back_within_seed
MonicaCrowley,larryelder,follow_back_within_seed
MonicaCrowley,MarshaBlackburn,follow_back_within_seed
MonicaCrowley,RepBoebert,follow_back_within_seed
MonicaCrowley,DavidSacks,follow_back_within_seed
MonicaCrowley,SecWar,follow_back_within_seed
MonicaCrowley,DLoesch,follow_back_within_seed
MonicaCrowley,alx,follow_back_within_seed
Osint613,X,follow_back_within_seed
Osint613,FoxNews,follow_back_within_seed
Osint613,WSJ,follow_back_within_seed
Osint613,richardbranson,follow_back_within_seed
Osint613,NEWSMAX,follow_back_within_seed
Osint613,TomiLahren,follow_back_within_seed
Osint613,sentdefender,follow_back_within_seed
Osint613,atensnut,follow_back_within_seed
Osint613,larryelder,follow_back_within_seed
DLoesch,SarahHuckabee,follow_back_within_seed
DLoesch,MarshaBlackburn,follow_back_within_seed
DLoesch,MonicaCrowley,follow_back_within_seed
DLoesch,AndrewFeinberg,follow_back_within_seed
Jason,BarackObama,follow_back_within_seed
Jason,CNN,follow_back_within_seed
Jason,SnoopDogg,follow_back_within_seed
Jason,TechCrunch,follow_back_within_seed
Jason,jack,follow_back_within_seed
Jason,channingtatum,follow_back_within_seed
Jason,garyvee,follow_back_within_seed
Jason,jdickerson,follow_back_within_seed
Jason,DavidSacks,follow_back_within_seed
Jason,alexisohanian,follow_back_within_seed
SpeakerBoehner,HouseFloor,follow_back_within_seed
SpeakerBoehner,NRCC,follow_back_within_seed
SpeakerBoehner,RepTomPrice,follow_back_within_seed
alfranken,chrislhayes,follow_back_within_seed
Reddit,jack,follow_back_within_seed
chicagotribune,washingtonpost,follow_back_within_seed
chicagotribune,BreakingNews,follow_back_within_seed
NYTHealth,jack,follow_back_within_seed
alx,X,follow_back_within_seed
alx,Reuters,follow_back_within_seed
alx,ufc,follow_back_within_seed
alx,BreakingNews,follow_back_within_seed
alx,jack,follow_back_within_seed
alx,thehill,follow_back_within_seed
alx,NEWSMAX,follow_back_within_seed
alx,TomFitton,follow_back_within_seed
alx,SpeakerMcCarthy,follow_back_within_seed
alx,garyvee,follow_back_within_seed
alx,SarahHuckabee,follow_back_within_seed
alx,atensnut,follow_back_within_seed
alx,DavidSacks,follow_back_within_seed
alx,DLoesch,follow_back_within_seed
alx,Jason,follow_back_within_seed
RonnyJacksonTX,POTUS,follow_back_within_seed
RonnyJacksonTX,SpeakerMcCarthy,follow_back_within_seed
RonnyJacksonTX,kimguilfoyle,follow_back_within_seed
RonnyJacksonTX,SarahHuckabee,follow_back_within_seed
RonnyJacksonTX,SecRubio,follow_back_within_seed
YahooNews,BarackObama,follow_back_within_seed
YahooNews,CNN,follow_back_within_seed
YahooNews,X,follow_back_within_seed
YahooNews,cnnbrk,follow_back_within_seed
YahooNews,nytimes,follow_back_within_seed
YahooNews,BBCBreaking,follow_back_within_seed
YahooNews,BBCWorld,follow_back_within_seed
YahooNews,FoxNews,follow_back_within_seed
YahooNews,TheEconomist,follow_back_within_seed
YahooNews,Reuters,follow_back_within_seed
YahooNews,WSJ,follow_back_within_seed
YahooNews,washingtonpost,follow_back_within_seed
YahooNews,BBCNews,follow_back_within_seed
YahooNews,richardbranson,follow_back_within_seed
YahooNews,enews,follow_back_within_seed
YahooNews,TechCrunch,follow_back_within_seed
YahooNews,AJEnglish,follow_back_within_seed
YahooNews,WIRED,follow_back_within_seed
YahooNews,SkyNews,follow_back_within_seed
YahooNews,BreakingNews,follow_back_within_seed
YahooNews,mashable,follow_back_within_seed
YahooNews,NPR,follow_back_within_seed
YahooNews,FinancialTimes,follow_back_within_seed
YahooNews,BuzzFeed,follow_back_within_seed
YahooNews,MSNOWNews,follow_back_within_seed
YahooNews,MarketWatch,follow_back_within_seed
YahooNews,RedCross,follow_back_within_seed
YahooNews,TODAYshow,follow_back_within_seed
YahooNews,Newsweek,follow_back_within_seed
YahooNews,nprpolitics,follow_back_within_seed
YahooNews,abcnews,follow_back_within_seed
YahooNews,nytimesworld,follow_back_within_seed
YahooNews,USArmy,follow_back_within_seed
YahooNews,chrislhayes,follow_back_within_seed
YahooNews,RickWarren,follow_back_within_seed
YahooNews,bbchealth,follow_back_within_seed
YahooNews,DLoesch,follow_back_within_seed
alexisohanian,BarackObama,follow_back_within_seed
alexisohanian,TechCrunch,follow_back_within_seed
alexisohanian,WIRED,follow_back_within_seed
alexisohanian,jack,follow_back_within_seed
alexisohanian,sacca,follow_back_within_seed
alexisohanian,DavidSacks,follow_back_within_seed
alexisohanian,Jason,follow_back_within_seed
alexisohanian,Reddit,follow_back_within_seed
Sassafrass_84,SkyNews,follow_back_within_seed
Sassafrass_84,DavidSacks,follow_back_within_seed
Sassafrass_84,jennybethm,follow_back_within_seed
RepLuna,thehill,follow_back_within_seed
RepLuna,POTUS,follow_back_within_seed
RepLuna,kayleighmcenany,follow_back_within_seed
RepLuna,mattgaetz,follow_back_within_seed
RepLuna,TomFitton,follow_back_within_seed
RepLuna,FmrRepMattGaetz,follow_back_within_seed
RepLuna,SpeakerMcCarthy,follow_back_within_seed
RepLuna,ScottPresler,follow_back_within_seed
RepLuna,kimguilfoyle,follow_back_within_seed
RepLuna,SarahHuckabee,follow_back_within_seed
RepLuna,FBIDirectorKash,follow_back_within_seed
RepLuna,SecRubio,follow_back_within_seed
RepLuna,PressSec,follow_back_within_seed
RepLuna,MarshaBlackburn,follow_back_within_seed
RepLuna,RepBoebert,follow_back_within_seed
RepLuna,MonicaCrowley,follow_back_within_seed
RepLuna,SecWar,follow_back_within_seed
RepLuna,alx,follow_back_within_seed
RepLuna,RonnyJacksonTX,follow_back_within_seed
RepJayapal,BarackObama,follow_back_within_seed
RepJayapal,CNN,follow_back_within_seed
RepJayapal,X,follow_back_within_seed
RepJayapal,nytimes,follow_back_within_seed
RepJayapal,BBCBreaking,follow_back_within_seed
RepJayapal,Reuters,follow_back_within_seed
RepJayapal,washingtonpost,follow_back_within_seed
RepJayapal,thehill,follow_back_within_seed
RepJayapal,chrislhayes,follow_back_within_seed
RepJayapal,JoeTrippi,follow_back_within_seed
Milajoy,CNN,follow_back_within_seed
Milajoy,X,follow_back_within_seed
Milajoy,cnnbrk,follow_back_within_seed
Milajoy,FoxNews,follow_back_within_seed
Milajoy,SarahHuckabee,follow_back_within_seed
Milajoy,alx,follow_back_within_seed
Milajoy,jennybethm,follow_back_within_seed
Anc_Aesthetics,TomFitton,follow_back_within_seed
Anc_Aesthetics,ScottPresler,follow_back_within_seed
Anc_Aesthetics,TRobinsonNewEra,follow_back_within_seed
Anc_Aesthetics,DavidSacks,follow_back_within_seed
Anc_Aesthetics,alx,follow_back_within_seed
JimFergusonUK,narendramodi,follow_back_within_seed
JimFergusonUK,FoxNews,follow_back_within_seed
JimFergusonUK,SkyNews,follow_back_within_seed
JimFergusonUK,TomFitton,follow_back_within_seed
JimFergusonUK,DrPhil,follow_back_within_seed
mkhammer,BarackObama,follow_back_within_seed
mkhammer,CNN,follow_back_within_seed
mkhammer,FoxNews,follow_back_within_seed
mkhammer,WSJ,follow_back_within_seed
mkhammer,BreakingNews,follow_back_within_seed
mkhammer,nprpolitics,follow_back_within_seed
mkhammer,ScottPresler,follow_back_within_seed
mkhammer,USArmy,follow_back_within_seed
mkhammer,RickWarren,follow_back_within_seed
mkhammer,DLoesch,follow_back_within_seed
mkhammer,SpeakerBoehner,follow_back_within_seed
mkhammer,JoeTrippi,follow_back_within_seed
mkhammer,HouseFloor,follow_back_within_seed
mkhammer,RedState,follow_back_within_seed
mkhammer,EWErickson,follow_back_within_seed
mkhammer,justin_hart,follow_back_within_seed
mkhammer,NRSC,follow_back_within_seed
mkhammer,andylevy,follow_back_within_seed
mkhammer,fredthompson,follow_back_within_seed
LeaderJohnThune,espn,follow_back_within_seed
LeaderJohnThune,WSJ,follow_back_within_seed
LeaderJohnThune,washingtonpost,follow_back_within_seed
LeaderJohnThune,RedCross,follow_back_within_seed
LeaderJohnThune,POTUS,follow_back_within_seed
LeaderJohnThune,SpeakerMcCarthy,follow_back_within_seed
LeaderJohnThune,RickWarren,follow_back_within_seed
LeaderJohnThune,MarshaBlackburn,follow_back_within_seed
LeaderJohnThune,SpeakerBoehner,follow_back_within_seed
RedState,nprpolitics,follow_back_within_seed
RedState,larryelder,follow_back_within_seed
RedState,DLoesch,follow_back_within_seed
RedState,mkhammer,follow_back_within_seed
RedState,EWErickson,follow_back_within_seed
RedState,justin_hart,follow_back_within_seed
RedState,NRSC,follow_back_within_seed
RedState,jennybethm,follow_back_within_seed
RedState,NRCC,follow_back_within_seed
RedState,PJMedia_com,follow_back_within_seed
AdonisGeorgiadi,BarackObama,follow_back_within_seed
AdonisGeorgiadi,narendramodi,follow_back_within_seed
AdonisGeorgiadi,CNN,follow_back_within_seed
AdonisGeorgiadi,cnnbrk,follow_back_within_seed
AdonisGeorgiadi,nytimes,follow_back_within_seed
AdonisGeorgiadi,BBCWorld,follow_back_within_seed
AdonisGeorgiadi,FoxNews,follow_back_within_seed
AdonisGeorgiadi,TheEconomist,follow_back_within_seed
AdonisGeorgiadi,Reuters,follow_back_within_seed
AdonisGeorgiadi,WSJ,follow_back_within_seed
AdonisGeorgiadi,washingtonpost,follow_back_within_seed
AdonisGeorgiadi,FinancialTimes,follow_back_within_seed
AdonisGeorgiadi,MSNOWNews,follow_back_within_seed
AdonisGeorgiadi,thehill,follow_back_within_seed
AdonisGeorgiadi,kimguilfoyle,follow_back_within_seed
AdonisGeorgiadi,SecRubio,follow_back_within_seed
IRSnews,X,follow_back_within_seed
EWErickson,CNN,follow_back_within_seed
EWErickson,cnnbrk,follow_back_within_seed
EWErickson,BBCBreaking,follow_back_within_seed
EWErickson,SarahHuckabee,follow_back_within_seed
EWErickson,RickWarren,follow_back_within_seed
EWErickson,MarshaBlackburn,follow_back_within_seed
EWErickson,Delta,follow_back_within_seed
EWErickson,Osint613,follow_back_within_seed
EWErickson,DLoesch,follow_back_within_seed
EWErickson,mkhammer,follow_back_within_seed
EWErickson,justin_hart,follow_back_within_seed
Terror_Alarm,Reuters,follow_back_within_seed
EtatMajorFR,tcsavunma,follow_back_within_seed
EtatMajorFR,USArmy,follow_back_within_seed
EtatMajorFR,SecWar,follow_back_within_seed
usatodayDC,BarackObama,follow_back_within_seed
usatodayDC,NPR,follow_back_within_seed
usatodayDC,thehill,follow_back_within_seed
usatodayDC,SpeakerMcCarthy,follow_back_within_seed
usatodayDC,nprpolitics,follow_back_within_seed
usatodayDC,jdickerson,follow_back_within_seed
usatodayDC,SpeakerBoehner,follow_back_within_seed
RepJoeWilson,narendramodi,follow_back_within_seed
RepJoeWilson,cnnbrk,follow_back_within_seed
RepJoeWilson,FoxNews,follow_back_within_seed
RepJoeWilson,TheEconomist,follow_back_within_seed
RepJoeWilson,WSJ,follow_back_within_seed
RepJoeWilson,washingtonpost,follow_back_within_seed
RepJoeWilson,marklevinshow,follow_back_within_seed
RepJoeWilson,thehill,follow_back_within_seed
RepJoeWilson,NEWSMAX,follow_back_within_seed
RepJoeWilson,Newsweek,follow_back_within_seed
RepJoeWilson,TomiLahren,follow_back_within_seed
RepJoeWilson,USArmy,follow_back_within_seed
RepJoeWilson,UKParliament,follow_back_within_seed
RepJoeWilson,RepBoebert,follow_back_within_seed
RepJoeWilson,SpeakerBoehner,follow_back_within_seed
passantino,BarackObama,follow_back_within_seed
passantino,cnni,follow_back_within_seed
passantino,richardbranson,follow_back_within_seed
passantino,AJEnglish,follow_back_within_seed
passantino,SpeakerMcCarthy,follow_back_within_seed
passantino,chrislhayes,follow_back_within_seed
passantino,FBIDirectorKash,follow_back_within_seed
GreeceMFA,cnnbrk,follow_back_within_seed
GreeceMFA,BBCBreaking,follow_back_within_seed
GreeceMFA,BBCWorld,follow_back_within_seed
GreeceMFA,Reuters,follow_back_within_seed
GreeceMFA,BBCNews,follow_back_within_seed
GreeceMFA,nytimesworld,follow_back_within_seed
GreeceMFA,kimguilfoyle,follow_back_within_seed
GreeceMFA,SecRubio,follow_back_within_seed
justin_hart,BarackObama,follow_back_within_seed
justin_hart,CNN,follow_back_within_seed
justin_hart,X,follow_back_within_seed
justin_hart,cnnbrk,follow_back_within_seed
justin_hart,nytimes,follow_back_within_seed
justin_hart,BBCBreaking,follow_back_within_seed
justin_hart,FoxNews,follow_back_within_seed
justin_hart,WSJ,follow_back_within_seed
justin_hart,washingtonpost,follow_back_within_seed
justin_hart,SnoopDogg,follow_back_within_seed
justin_hart,TechCrunch,follow_back_within_seed
justin_hart,BreakingNews,follow_back_within_seed
justin_hart,jack,follow_back_within_seed
justin_hart,thehill,follow_back_within_seed
justin_hart,garyvee,follow_back_within_seed
justin_hart,nprpolitics,follow_back_within_seed
justin_hart,DavidSacks,follow_back_within_seed
justin_hart,DLoesch,follow_back_within_seed
justin_hart,Jason,follow_back_within_seed
justin_hart,SpeakerBoehner,follow_back_within_seed
justin_hart,alx,follow_back_within_seed
justin_hart,mkhammer,follow_back_within_seed
justin_hart,RedState,follow_back_within_seed
justin_hart,EWErickson,follow_back_within_seed
justin_hart,passantino,follow_back_within_seed
justin_hart,WSJopinion,follow_back_within_seed
justin_hart,NRSC,follow_back_within_seed
justin_hart,andylevy,follow_back_within_seed
WSJopinion,FoxNews,follow_back_within_seed
WSJopinion,TheEconomist,follow_back_within_seed
WSJopinion,washingtonpost,follow_back_within_seed
WSJopinion,kimguilfoyle,follow_back_within_seed
WSJopinion,SpeakerBoehner,follow_back_within_seed
NRSC,FoxNews,follow_back_within_seed
NRSC,TomiLahren,follow_back_within_seed
NRSC,SarahHuckabee,follow_back_within_seed
NRSC,SpeakerBoehner,follow_back_within_seed
NRSC,mkhammer,follow_back_within_seed
NRSC,RedState,follow_back_within_seed
NRSC,EWErickson,follow_back_within_seed
NRSC,justin_hart,follow_back_within_seed
NRSC,jennybethm,follow_back_within_seed
NRSC,NRCC,follow_back_within_seed
ryanjreilly,BBCWorld,follow_back_within_seed
ryanjreilly,SnoopDogg,follow_back_within_seed
ryanjreilly,cnni,follow_back_within_seed
ryanjreilly,SarahHuckabee,follow_back_within_seed
ryanjreilly,chicagotribune,follow_back_within_seed
ryanjreilly,alexisohanian,follow_back_within_seed
ryanjreilly,RedState,follow_back_within_seed
ryanjreilly,justin_hart,follow_back_within_seed
SocialSecurity,POTUS,follow_back_within_seed
SocialSecurity,PressSec,follow_back_within_seed
TheLizVariant,BarackObama,follow_back_within_seed
TheLizVariant,SarahHuckabee,follow_back_within_seed
TheLizVariant,atensnut,follow_back_within_seed
pbump,cnnbrk,follow_back_within_seed
pbump,nytimes,follow_back_within_seed
pbump,Reuters,follow_back_within_seed
pbump,washingtonpost,follow_back_within_seed
pbump,WIRED,follow_back_within_seed
pbump,BreakingNews,follow_back_within_seed
pbump,thehill,follow_back_within_seed
pbump,nprpolitics,follow_back_within_seed
susancrabtree,WIRED,follow_back_within_seed
susancrabtree,alx,follow_back_within_seed
susancrabtree,mkhammer,follow_back_within_seed
RepBrianMast,FoxNews,follow_back_within_seed
RepBrianMast,mattgaetz,follow_back_within_seed
RepBrianMast,SpeakerMcCarthy,follow_back_within_seed
RepBrianMast,ScottPresler,follow_back_within_seed
RepBrianMast,sentdefender,follow_back_within_seed
RepBrianMast,RepBoebert,follow_back_within_seed
RepBrianMast,DavidSacks,follow_back_within_seed
RepBrianMast,MonicaCrowley,follow_back_within_seed
RepBrianMast,Osint613,follow_back_within_seed
RepBrianMast,alx,follow_back_within_seed
RepBrianMast,RepLuna,follow_back_within_seed
AlBuffalo2nite,BarackObama,follow_back_within_seed
AlBuffalo2nite,X,follow_back_within_seed
AlBuffalo2nite,espn,follow_back_within_seed
AlBuffalo2nite,SkyNews,follow_back_within_seed
AlBuffalo2nite,EWErickson,follow_back_within_seed
dogeai_gov,POTUS,follow_back_within_seed
AndrewFeinberg,BarackObama,follow_back_within_seed
AndrewFeinberg,CNN,follow_back_within_seed
AndrewFeinberg,X,follow_back_within_seed
AndrewFeinberg,cnnbrk,follow_back_within_seed
AndrewFeinberg,nytimes,follow_back_within_seed
AndrewFeinberg,BBCBreaking,follow_back_within_seed
AndrewFeinberg,BBCWorld,follow_back_within_seed
AndrewFeinberg,FoxNews,follow_back_within_seed
AndrewFeinberg,TheEconomist,follow_back_within_seed
AndrewFeinberg,Reuters,follow_back_within_seed
AndrewFeinberg,WSJ,follow_back_within_seed
AndrewFeinberg,washingtonpost,follow_back_within_seed
AndrewFeinberg,BBCNews,follow_back_within_seed
AndrewFeinberg,cnni,follow_back_within_seed
AndrewFeinberg,AJEnglish,follow_back_within_seed
AndrewFeinberg,WIRED,follow_back_within_seed
AndrewFeinberg,BreakingNews,follow_back_within_seed
AndrewFeinberg,mashable,follow_back_within_seed
AndrewFeinberg,NPR,follow_back_within_seed
AndrewFeinberg,jack,follow_back_within_seed
AndrewFeinberg,MSNOWNews,follow_back_within_seed
AndrewFeinberg,thehill,follow_back_within_seed
AndrewFeinberg,Newsweek,follow_back_within_seed
AndrewFeinberg,nprpolitics,follow_back_within_seed
AndrewFeinberg,chrislhayes,follow_back_within_seed
AndrewFeinberg,SarahHuckabee,follow_back_within_seed
AndrewFeinberg,jdickerson,follow_back_within_seed
AndrewFeinberg,Delta,follow_back_within_seed
AndrewFeinberg,sacca,follow_back_within_seed
AndrewFeinberg,DavidSacks,follow_back_within_seed
AndrewFeinberg,DLoesch,follow_back_within_seed
AndrewFeinberg,Jason,follow_back_within_seed
AndrewFeinberg,SpeakerBoehner,follow_back_within_seed
AndrewFeinberg,alfranken,follow_back_within_seed
AndrewFeinberg,alx,follow_back_within_seed
AndrewFeinberg,YahooNews,follow_back_within_seed
AndrewFeinberg,JoeTrippi,follow_back_within_seed
AndrewFeinberg,alexisohanian,follow_back_within_seed
AndrewFeinberg,HouseFloor,follow_back_within_seed
AndrewFeinberg,mkhammer,follow_back_within_seed
AndrewFeinberg,joanwalsh,follow_back_within_seed
SecretaryWright,POTUS,follow_back_within_seed
SecretaryWright,SecRubio,follow_back_within_seed
SecretaryWright,SecWar,follow_back_within_seed
SecretaryWright,SecretaryBurgum,follow_back_within_seed
SecretaryBurgum,POTUS,follow_back_within_seed
SecretaryBurgum,SecRubio,follow_back_within_seed
SecretaryBurgum,PressSec,follow_back_within_seed
SecretaryBurgum,SecWar,follow_back_within_seed
SecretaryBurgum,LeaderJohnThune,follow_back_within_seed
SecretaryBurgum,SecretaryWright,follow_back_within_seed
jennybethm,SecRubio,follow_back_within_seed
jennybethm,TRobinsonNewEra,follow_back_within_seed
jennybethm,DavidSacks,follow_back_within_seed
NRCC,marklevinshow,follow_back_within_seed
NRCC,NRSC,follow_back_within_seed
NRCC,RepMikeLawler,follow_back_within_seed
OldStateSaloon,FoxNews,follow_back_within_seed
OldStateSaloon,NEWSMAX,follow_back_within_seed
OldStateSaloon,ScottPresler,follow_back_within_seed
OldStateSaloon,Sassafrass_84,follow_back_within_seed
PresidencyGR,BarackObama,follow_back_within_seed
PresidencyGR,GreeceMFA,follow_back_within_seed
PresidencyGR,Christodulides,follow_back_within_seed
USAMBTurkiye,POTUS,follow_back_within_seed
USAMBTurkiye,SecRubio,follow_back_within_seed
deepwebslinger,X,follow_back_within_seed
deepwebslinger,POTUS,follow_back_within_seed
deepwebslinger,FBIDirectorKash,follow_back_within_seed
tomshillue,ScottPresler,follow_back_within_seed
stranahan,espn,follow_back_within_seed
stranahan,SkyNews,follow_back_within_seed
stranahan,MarketWatch,follow_back_within_seed
stranahan,DavidSacks,follow_back_within_seed
stranahan,Osint613,follow_back_within_seed
stranahan,alx,follow_back_within_seed
MattWhitaker46,TomiLahren,follow_back_within_seed
MattWhitaker46,kimguilfoyle,follow_back_within_seed
MattWhitaker46,USArmy,follow_back_within_seed
MattWhitaker46,SarahHuckabee,follow_back_within_seed
MattWhitaker46,DavidSacks,follow_back_within_seed
MattWhitaker46,MonicaCrowley,follow_back_within_seed
MattWhitaker46,SecWar,follow_back_within_seed
MattWhitaker46,Osint613,follow_back_within_seed
MattWhitaker46,alx,follow_back_within_seed
FBISaltLakeCity,FBIDirectorKash,follow_back_within_seed
ericgeller,ryanjreilly,follow_back_within_seed
ericgeller,andylevy,follow_back_within_seed
ericgeller,pbump,follow_back_within_seed
NicusorDanRO,POTUS,follow_back_within_seed
PJMedia_com,marklevinshow,follow_back_within_seed
PJMedia_com,RedState,follow_back_within_seed
davebftv,BarackObama,follow_back_within_seed
davebftv,CNN,follow_back_within_seed
davebftv,X,follow_back_within_seed
davebftv,cnnbrk,follow_back_within_seed
davebftv,espn,follow_back_within_seed
davebftv,ufc,follow_back_within_seed
davebftv,TechCrunch,follow_back_within_seed
davebftv,garyvee,follow_back_within_seed
Christodulides,narendramodi,follow_back_within_seed
Christodulides,cnnbrk,follow_back_within_seed
Christodulides,BBCBreaking,follow_back_within_seed
Christodulides,TheEconomist,follow_back_within_seed
Christodulides,Reuters,follow_back_within_seed
Christodulides,SkyNews,follow_back_within_seed
Christodulides,BreakingNews,follow_back_within_seed
Christodulides,kimguilfoyle,follow_back_within_seed
carney,BBCBreaking,follow_back_within_seed
carney,BBCWorld,follow_back_within_seed
carney,MSNOWNews,follow_back_within_seed
carney,thehill,follow_back_within_seed
carney,SarahHuckabee,follow_back_within_seed
carney,RickWarren,follow_back_within_seed
carney,DavidSacks,follow_back_within_seed
carney,DLoesch,follow_back_within_seed
carney,SpeakerBoehner,follow_back_within_seed
carney,alx,follow_back_within_seed
carney,mkhammer,follow_back_within_seed
carney,ryanjreilly,follow_back_within_seed
hissgoescobra,CNN,follow_back_within_seed
hissgoescobra,BBCBreaking,follow_back_within_seed
hissgoescobra,BBCWorld,follow_back_within_seed
hissgoescobra,WSJ,follow_back_within_seed
hissgoescobra,AJEnglish,follow_back_within_seed
hissgoescobra,MSNOWNews,follow_back_within_seed
hissgoescobra,thehill,follow_back_within_seed
hissgoescobra,Newsweek,follow_back_within_seed
hissgoescobra,USArmy,follow_back_within_seed
hissgoescobra,JoeTrippi,follow_back_within_seed
RepSaraJacobs,RepJayapal,follow_back_within_seed
gonultol,sentdefender,follow_back_within_seed
gonultol,USAMBTurkiye,follow_back_within_seed
PolitlcsGlobal,BarackObama,follow_back_within_seed
PolitlcsGlobal,CNN,follow_back_within_seed
PolitlcsGlobal,cnnbrk,follow_back_within_seed
PolitlcsGlobal,nytimes,follow_back_within_seed
PolitlcsGlobal,BBCBreaking,follow_back_within_seed
PolitlcsGlobal,BBCWorld,follow_back_within_seed
PolitlcsGlobal,FoxNews,follow_back_within_seed
PolitlcsGlobal,Reuters,follow_back_within_seed
PolitlcsGlobal,WSJ,follow_back_within_seed
PolitlcsGlobal,washingtonpost,follow_back_within_seed
PolitlcsGlobal,cnni,follow_back_within_seed
PolitlcsGlobal,AJEnglish,follow_back_within_seed
PolitlcsGlobal,SkyNews,follow_back_within_seed
PolitlcsGlobal,BreakingNews,follow_back_within_seed
PolitlcsGlobal,MSNOWNews,follow_back_within_seed
PolitlcsGlobal,abcnews,follow_back_within_seed
PolitlcsGlobal,nytimesworld,follow_back_within_seed
CraigCaplan,BarackObama,follow_back_within_seed
CraigCaplan,X,follow_back_within_seed
CraigCaplan,espn,follow_back_within_seed
CraigCaplan,BBCBreaking,follow_back_within_seed
CraigCaplan,jdickerson,follow_back_within_seed
CraigCaplan,SpeakerBoehner,follow_back_within_seed
CraigCaplan,JoeTrippi,follow_back_within_seed
CraigCaplan,HouseFloor,follow_back_within_seed
CraigCaplan,EWErickson,follow_back_within_seed
CraigCaplan,NRSC,follow_back_within_seed
MattMackowiak,espn,follow_back_within_seed
MattMackowiak,WSJ,follow_back_within_seed
MattMackowiak,SnoopDogg,follow_back_within_seed
MattMackowiak,BBCNews,follow_back_within_seed
MattMackowiak,TechCrunch,follow_back_within_seed
MattMackowiak,WIRED,follow_back_within_seed
MattMackowiak,DrPhil,follow_back_within_seed
MattMackowiak,DavidSacks,follow_back_within_seed
MattMackowiak,Jason,follow_back_within_seed
MattMackowiak,alx,follow_back_within_seed
MattMackowiak,alexisohanian,follow_back_within_seed
MattMackowiak,HouseFloor,follow_back_within_seed
RepMikeLawler,narendramodi,follow_back_within_seed
RepMikeLawler,FoxNews,follow_back_within_seed
RepMikeLawler,marklevinshow,follow_back_within_seed
RepMikeLawler,POTUS,follow_back_within_seed
RepMikeLawler,kayleighmcenany,follow_back_within_seed
RepMikeLawler,NEWSMAX,follow_back_within_seed
RepMikeLawler,TomFitton,follow_back_within_seed
RepMikeLawler,SpeakerMcCarthy,follow_back_within_seed
RepMikeLawler,TomiLahren,follow_back_within_seed
RepMikeLawler,sentdefender,follow_back_within_seed
RepMikeLawler,SarahHuckabee,follow_back_within_seed
RepMikeLawler,RudyGiuliani,follow_back_within_seed
RepMikeLawler,MarshaBlackburn,follow_back_within_seed
RepMikeLawler,MonicaCrowley,follow_back_within_seed
GreekReporter,BarackObama,follow_back_within_seed
GreekReporter,CNN,follow_back_within_seed
GreekReporter,cnnbrk,follow_back_within_seed
GreekReporter,nytimes,follow_back_within_seed
GreekReporter,BBCBreaking,follow_back_within_seed
GreekReporter,FoxNews,follow_back_within_seed
GreekReporter,WSJ,follow_back_within_seed
GreekReporter,BBCNews,follow_back_within_seed
GreekReporter,cnni,follow_back_within_seed
GreekReporter,SkyNews,follow_back_within_seed
GreekReporter,mashable,follow_back_within_seed
GreekReporter,NPR,follow_back_within_seed
GreekReporter,FinancialTimes,follow_back_within_seed
GreekReporter,TODAYshow,follow_back_within_seed
GreekReporter,Newsweek,follow_back_within_seed
GreekReporter,abcnews,follow_back_within_seed
GreekReporter,Jason,follow_back_within_seed
GreekReporter,YahooNews,follow_back_within_seed
GreekReporter,AdonisGeorgiadi,follow_back_within_seed
RobertBluey,CNN,follow_back_within_seed
RobertBluey,X,follow_back_within_seed
RobertBluey,cnnbrk,follow_back_within_seed
RobertBluey,nytimes,follow_back_within_seed
RobertBluey,BBCBreaking,follow_back_within_seed
RobertBluey,BBCWorld,follow_back_within_seed
RobertBluey,Reuters,follow_back_within_seed
RobertBluey,WSJ,follow_back_within_seed
RobertBluey,washingtonpost,follow_back_within_seed
RobertBluey,richardbranson,follow_back_within_seed
RobertBluey,thehill,follow_back_within_seed
RobertBluey,SarahHuckabee,follow_back_within_seed
RobertBluey,DrPhil,follow_back_within_seed
RobertBluey,DLoesch,follow_back_within_seed
RobertBluey,alx,follow_back_within_seed
RobertBluey,WSJopinion,follow_back_within_seed
RobertBluey,ryanjreilly,follow_back_within_seed
RepTomPrice,CNN,follow_back_within_seed
RepTomPrice,cnnbrk,follow_back_within_seed
RepTomPrice,nytimes,follow_back_within_seed
RepTomPrice,FoxNews,follow_back_within_seed
RepTomPrice,TheEconomist,follow_back_within_seed
RepTomPrice,Reuters,follow_back_within_seed
RepTomPrice,WSJ,follow_back_within_seed
RepTomPrice,washingtonpost,follow_back_within_seed
RepTomPrice,MSNOWNews,follow_back_within_seed
RepTomPrice,thehill,follow_back_within_seed
RepTomPrice,USArmy,follow_back_within_seed
RepTomPrice,DLoesch,follow_back_within_seed
RepTomPrice,SpeakerBoehner,follow_back_within_seed
RepTomPrice,HouseFloor,follow_back_within_seed
RepTomPrice,mkhammer,follow_back_within_seed
RepTomPrice,RedState,follow_back_within_seed
RepTomPrice,EWErickson,follow_back_within_seed
RepTomPrice,justin_hart,follow_back_within_seed
ThadMcCotter,mkhammer,follow_back_within_seed
GreeceInUSA,X,follow_back_within_seed
GreeceInUSA,POTUS,follow_back_within_seed
GreeceInUSA,AdonisGeorgiadi,follow_back_within_seed
GreeceInUSA,GreeceMFA,follow_back_within_seed
GreeceInUSA,PresidencyGR,follow_back_within_seed
MAGAStormX,Milajoy,follow_back_within_seed
MarthaByrne10,SarahHuckabee,follow_back_within_seed
MarthaByrne10,ACTBrigitte,follow_back_within_seed
MarthaByrne10,alx,follow_back_within_seed
Wildmoment01,BarackObama,follow_back_within_seed
Ricochet,BarackObama,follow_back_within_seed
Ricochet,FoxNews,follow_back_within_seed
Ricochet,Reuters,follow_back_within_seed
Ricochet,WSJ,follow_back_within_seed
Ricochet,BreakingNews,follow_back_within_seed
Ricochet,jdickerson,follow_back_within_seed
Ricochet,DavidSacks,follow_back_within_seed
Ricochet,DLoesch,follow_back_within_seed
Ricochet,SpeakerBoehner,follow_back_within_seed
Ricochet,mkhammer,follow_back_within_seed
Ricochet,RedState,follow_back_within_seed
Ricochet,EWErickson,follow_back_within_seed
TEMPLERTV,JimFergusonUK,follow_back_within_seed
jordainc,SpeakerMcCarthy,follow_back_within_seed
jordainc,LeaderJohnThune,follow_back_within_seed
jordainc,CraigCaplan,follow_back_within_seed
usembvienna,POTUS,follow_back_within_seed
usembvienna,SecRubio,follow_back_within_seed
usembvienna,PressSec,follow_back_within_seed
usembvienna,SecWar,follow_back_within_seed
elenasagiadinou,BarackObama,follow_back_within_seed
elenasagiadinou,CNN,follow_back_within_seed
elenasagiadinou,X,follow_back_within_seed
elenasagiadinou,cnnbrk,follow_back_within_seed
elenasagiadinou,nytimes,follow_back_within_seed
elenasagiadinou,BBCBreaking,follow_back_within_seed
elenasagiadinou,BBCWorld,follow_back_within_seed
elenasagiadinou,TheEconomist,follow_back_within_seed
elenasagiadinou,Reuters,follow_back_within_seed
elenasagiadinou,WSJ,follow_back_within_seed
elenasagiadinou,washingtonpost,follow_back_within_seed
elenasagiadinou,BBCNews,follow_back_within_seed
elenasagiadinou,cnni,follow_back_within_seed
elenasagiadinou,richardbranson,follow_back_within_seed
elenasagiadinou,SkyNews,follow_back_within_seed
elenasagiadinou,FinancialTimes,follow_back_within_seed
elenasagiadinou,thehill,follow_back_within_seed
FLGuard,nytimes,follow_back_within_seed
FLGuard,TODAYshow,follow_back_within_seed
FLGuard,USArmy,follow_back_within_seed
NikkiSchwab,espn,follow_back_within_seed
NikkiSchwab,BBCWorld,follow_back_within_seed
NikkiSchwab,cnni,follow_back_within_seed
NikkiSchwab,SkyNews,follow_back_within_seed
NikkiSchwab,jack,follow_back_within_seed
NikkiSchwab,SarahHuckabee,follow_back_within_seed
NikkiSchwab,JetBlue,follow_back_within_seed
NikkiSchwab,Delta,follow_back_within_seed
NikkiSchwab,DLoesch,follow_back_within_seed
NikkiSchwab,YahooNews,follow_back_within_seed
amna_newseng,BarackObama,follow_back_within_seed
amna_newseng,BBCBreaking,follow_back_within_seed
amna_newseng,BBCWorld,follow_back_within_seed
amna_newseng,FoxNews,follow_back_within_seed
amna_newseng,TheEconomist,follow_back_within_seed
amna_newseng,Reuters,follow_back_within_seed
amna_newseng,WSJ,follow_back_within_seed
amna_newseng,washingtonpost,follow_back_within_seed
amna_newseng,BBCNews,follow_back_within_seed
amna_newseng,cnni,follow_back_within_seed
amna_newseng,enews,follow_back_within_seed
amna_newseng,TechCrunch,follow_back_within_seed
amna_newseng,AJEnglish,follow_back_within_seed
amna_newseng,WIRED,follow_back_within_seed
amna_newseng,SkyNews,follow_back_within_seed
amna_newseng,BreakingNews,follow_back_within_seed
amna_newseng,NPR,follow_back_within_seed
amna_newseng,FinancialTimes,follow_back_within_seed
amna_newseng,MSNOWNews,follow_back_within_seed
amna_newseng,Newsweek,follow_back_within_seed
amna_newseng,nprpolitics,follow_back_within_seed
amna_newseng,nytimesworld,follow_back_within_seed
amna_newseng,BBCBusiness,follow_back_within_seed
OrderStAndrew,BarackObama,follow_back_within_seed
OrderStAndrew,X,follow_back_within_seed
OrderStAndrew,nytimes,follow_back_within_seed
OrderStAndrew,FoxNews,follow_back_within_seed
OrderStAndrew,Reuters,follow_back_within_seed
OrderStAndrew,washingtonpost,follow_back_within_seed
OrderStAndrew,MSNOWNews,follow_back_within_seed
OrderStAndrew,nytimesworld,follow_back_within_seed
MikeNeedham,sentdefender,follow_back_within_seed
MikeNeedham,SecRubio,follow_back_within_seed
MikeNeedham,EWErickson,follow_back_within_seed
megforflorida,kimguilfoyle,follow_back_within_seed
megforflorida,SecRubio,follow_back_within_seed
megforflorida,PressSec,follow_back_within_seed
megforflorida,RudyGiuliani,follow_back_within_seed
megforflorida,MarshaBlackburn,follow_back_within_seed
megforflorida,RepLuna,follow_back_within_seed
megforflorida,RedState,follow_back_within_seed
megforflorida,Girlpatriot1974,follow_back_within_seed
megforflorida,RepBrianMast,follow_back_within_seed
KurdishGalGadot,narendramodi,follow_back_within_seed
KurdishGalGadot,FoxNews,follow_back_within_seed
KurdishGalGadot,SpeakerMcCarthy,follow_back_within_seed
KurdishGalGadot,ScottPresler,follow_back_within_seed
KurdishGalGadot,RudyGiuliani,follow_back_within_seed
KurdishGalGadot,MarshaBlackburn,follow_back_within_seed
KurdishGalGadot,Terror_Alarm,follow_back_within_seed
KurdishGalGadot,SecretaryWright,follow_back_within_seed
prokaliptika1,BarackObama,follow_back_within_seed
prokaliptika1,narendramodi,follow_back_within_seed
prokaliptika1,CNN,follow_back_within_seed
prokaliptika1,nytimes,follow_back_within_seed
prokaliptika1,BBCWorld,follow_back_within_seed
prokaliptika1,TheEconomist,follow_back_within_seed
prokaliptika1,Reuters,follow_back_within_seed
prokaliptika1,AJEnglish,follow_back_within_seed
prokaliptika1,MSNOWNews,follow_back_within_seed
prokaliptika1,kimguilfoyle,follow_back_within_seed
prokaliptika1,AdonisGeorgiadi,follow_back_within_seed
TheAHIinDC,kimguilfoyle,follow_back_within_seed
TheAHIinDC,SecRubio,follow_back_within_seed
TheAHIinDC,GreeceMFA,follow_back_within_seed
TheAHIinDC,SecretaryWright,follow_back_within_seed
TheAHIinDC,SecretaryBurgum,follow_back_within_seed
TheAHIinDC,GreekReporter,follow_back_within_seed
brandontseng2,kayleighmcenany,follow_back_within_seed
brandontseng2,ScottPresler,follow_back_within_seed
brandontseng2,SecRubio,follow_back_within_seed
brandontseng2,PressSec,follow_back_within_seed
Nikos_Lygeros,BarackObama,follow_back_within_seed
Nikos_Lygeros,POTUS,follow_back_within_seed
Nikos_Lygeros,kimguilfoyle,follow_back_within_seed
Nikos_Lygeros,USArmy,follow_back_within_seed
Nikos_Lygeros,SecRubio,follow_back_within_seed
Nikos_Lygeros,PressSec,follow_back_within_seed
Nikos_Lygeros,SecWar,follow_back_within_seed
Nikos_Lygeros,AdonisGeorgiadi,follow_back_within_seed
Nikos_Lygeros,GreeceMFA,follow_back_within_seed
Joe_Popolo,POTUS,follow_back_within_seed
Joe_Popolo,kimguilfoyle,follow_back_within_seed
Joe_Popolo,DavidSacks,follow_back_within_seed
Joe_Popolo,SecWar,follow_back_within_seed
Joe_Popolo,SecretaryWright,follow_back_within_seed
petros_tasios,POTUS,follow_back_within_seed
petros_tasios,kimguilfoyle,follow_back_within_seed
petros_tasios,SecRubio,follow_back_within_seed
petros_tasios,SecWar,follow_back_within_seed
petros_tasios,Osint613,follow_back_within_seed
petros_tasios,RedState,follow_back_within_seed
petros_tasios,GreeceMFA,follow_back_within_seed
petros_tasios,USAMBTurkiye,follow_back_within_seed
The_BTM_Pod,OldStateSaloon,follow_back_within_seed
CatalinPredoiu,cnnbrk,follow_back_within_seed
CatalinPredoiu,nytimes,follow_back_within_seed
ZEUSosX,narendramodi,follow_back_within_seed
ZEUSosX,POTUS,follow_back_within_seed
ZEUSosX,kimguilfoyle,follow_back_within_seed
ZEUSosX,SecRubio,follow_back_within_seed
ZEUSosX,PressSec,follow_back_within_seed
ZEUSosX,ACTBrigitte,follow_back_within_seed
ZEUSosX,SecWar,follow_back_within_seed
CMarafatsos,POTUS,follow_back_within_seed
CMarafatsos,kimguilfoyle,follow_back_within_seed
CMarafatsos,DavidSacks,follow_back_within_seed
CMarafatsos,AdonisGeorgiadi,follow_back_within_seed
CMarafatsos,MattWhitaker46,follow_back_within_seed
CMarafatsos,OrderStAndrew,follow_back_within_seed
CMarafatsos,TheAHIinDC,follow_back_within_seed
alexandridisan1,kimguilfoyle,follow_back_within_seed
alexandridisan1,GreeceMFA,follow_back_within_seed
alexandridisan1,elenasagiadinou,follow_back_within_seed
AskotisPericles,narendramodi,follow_back_within_seed
AskotisPericles,POTUS,follow_back_within_seed
AskotisPericles,kimguilfoyle,follow_back_within_seed
AskotisPericles,GreeceMFA,follow_back_within_seed
iliasfoukis30,kimguilfoyle,follow_back_within_seed
iliasfoukis30,SecWar,follow_back_within_seed
iliasfoukis30,Milajoy,follow_back_within_seed
iliasfoukis30,AdonisGeorgiadi,follow_back_within_seed
iliasfoukis30,GreeceMFA,follow_back_within_seed
iliasfoukis30,PresidencyGR,follow_back_within_seed
iliasfoukis30,GreeceInUSA,follow_back_within_seed
