id,username,name,followers_count,following_count,verified,role,discovered_from
100108639,0xZhao888,Zhao 🥷🔶🦅,11669,6661,True,seed_following,DonaldJTrumpJr
14266598,350,350 dot org,336697,17391,True,seed_following,RobertKennedyJr
63506948,931TheFan,Lima's Sports Radio 93.1 The Fan,3994,925,True,seed_following,Jim_Jordan
722528529716383744,ACTBrigitte,Brigitte Gabriel,1469594,2421,True,seed_following,kimguilfoyle
4970411,AJEnglish,Al Jazeera English,9745066,258,True,seed_following,kimguilfoyle
1954700147767853056,ALT5_Sigma,ALTS,22959,18,True,seed_following,DonaldJTrumpJr
55705976,ASwoyer,Alex Swoyer,14062,3877,True,seed_following,DonaldJTrumpJr
15937190,AZGOP,Republican Party of Arizona,177270,3228,False,seed_following,DanScavino
1446256675808186384,AaronSiriSG,Aaron Siri,281450,143,True,seed_following,RobertKennedyJr
16635277,Acyn,Acyn,742854,5501,True,seed_following,Jim_Jordan
3090115562,AddisonSmithTV,Addison Smith,21852,610,True,seed_following,Jim_Jordan
70340615,AdonisGeorgiadi,Άδωνις Γεωργιάδης,333081,3957,True,seed_following,kimguilfoyle
1620183298696790017,AlBuffalo2nite,A Gene Robinson,140573,16405,True,seed_following,kimguilfoyle
17919912,AlanDana,Alan Dana,2783,613,True,seed_following,Jim_Jordan
19742034,AlexMarlow,Alex Marlow,71498,299,True,seed_following,DonaldJTrumpJr
2362850690,AlexisMcAdamsTV,Alexis McAdams,40373,6169,True,seed_following,DanScavino
42347548,AlexisWilkins,Alexis Wilkins,105643,1193,True,seed_following,DonaldJTrumpJr
1535590533698945024,Alpha_MEXC,MEXC Alpha,346622,220,True,seed_following,DonaldJTrumpJr
958118843636854784,AltcoinDaily,Altcoin Daily,2121236,740,True,seed_following,DonaldJTrumpJr
1387366965703061506,America1stLegal,America First Legal,362754,541,False,seed_following,Jim_Jordan
1351389181302493190,AmericaRpts,America Reports,14594,603,True,seed_following,Jim_Jordan
1498032293671325699,Anc_Aesthetics,Aesthetica,513014,879,True,seed_following,kimguilfoyle
900669223122472960,AndersonAfDMdEP,Christine Anderson,418751,625,True,seed_following,RobertKennedyJr
2249531,AndrewFeinberg,Andrew Feinberg,121305,13072,True,seed_following,kimguilfoyle
16549501,AndrewKolvet,Andrew Kolvet,275421,1846,True,seed_following,DonaldJTrumpJr
983766825610694656,AndrewPollackFL,Andrew Pollack,362512,742,True,seed_following,DonaldJTrumpJr
17494466,AndyPuzder,Andy Puzder,20209,899,True,seed_following,DanScavino
8283082,AnimalPlanet,Animal Planet,2008738,282,True,seed_following,RobertKennedyJr
234498907,ArtinEmbassies,Art in Embassies,4740,770,True,seed_following,DanScavino
1789908971953799168,Aster_DEX,Aster 🥷,307705,117,True,seed_following,DonaldJTrumpJr
234797704,AustinScottGA08,Rep. Austin Scott,35233,743,True,seed_following,Jim_Jordan
1297651178256257024,AutismCapital,Autism Capital ������,1213275,0,True,seed_following,DonaldJTrumpJr
1480625747723177988,Average_NY_Guy,AP,44432,4416,True,seed_following,DonaldJTrumpJr
5402612,BBCBreaking,BBC Breaking News,49984201,3,True,seed_following,kimguilfoyle
621523,BBCBusiness,BBC Business,2175522,3,True,seed_following,kimguilfoyle
612473,BBCNews,BBC News (UK),15132089,85,True,seed_following,kimguilfoyle
742143,BBCWorld,BBC News (World),42021889,17,True,seed_following,kimguilfoyle
629698642,BGatesIsaPyscho,Concerned Citizen,1178895,7332,True,seed_following,RobertKennedyJr
1254142319646867456,Badhombre,Bad Hombre,212749,1411,True,seed_following,DonaldJTrumpJr
1815733680335450113,Bannons_WarRoom,Bannon’s WarRoom,309277,18,True,seed_following,DonaldJTrumpJr
813286,BarackObama,Barack Obama,119430057,504451,True,seed_following,kimguilfoyle
41692369,BearGrylls,Bear Grylls OBE,1434929,1124,True,seed_following,RobertKennedyJr
47775464,Beaufort_TParty,Beaufort Tea Party,3338,711,False,seed_following,Jim_Jordan
1366200472705536002,BenTallmadge01,Ben Tallmadge,7377,975,True,seed_following,DonaldJTrumpJr
1092181103979446272,BeniRaeHarmony,Beni Rae Harmony,63022,243,True,seed_following,DonaldJTrumpJr
14898452,Beregond,Tom Reynolds,9377,10288,False,seed_following,Jim_Jordan
25837289,BernardKerik,Bernard B. Kerik,339043,6722,False,seed_following,DanScavino
1071585991,BillMelugin_,Bill Melugin,640305,3705,True,seed_following,Jim_Jordan
23970102,BillOReilly,Bill O'Reilly,3326113,132,True,seed_following,realDonaldTrump
26816594,BioLayne,"Layne Norton, PhD",229545,335,True,seed_following,DonaldJTrumpJr
386794847,BirchGold,Birch Gold Group,3614,461,True,seed_following,DonaldJTrumpJr
18037344,BlackMagic63,������������������������Keith J.������������������������,6289,7090,False,seed_following,Jim_Jordan
41504814,BonillaJL,Jorge Bonilla,22036,2467,True,seed_following,Jim_Jordan
76543481,BorisEP,Boris Epshteyn,148759,2126,True,seed_following,DanScavino
1451753384764116994,BowTiedRanger,BowTiedRanger,109608,300,True,seed_following,DonaldJTrumpJr
6017542,BreakingNews,Breaking News,8573658,535,True,seed_following,kimguilfoyle
1943730008557858816,BrianNievesDOJ,Brian Nieves,4166,73,True,seed_following,Jim_Jordan
1674180920490770433,BrianTerry180,BrianTerry180,1764,503,True,seed_following,DonaldJTrumpJr
1139029234163245056,Brick_Suit,Brick Suit,323466,2557,True,seed_following,DanScavino
40510796,Briefing__Room,������������ The Briefing Room ������������ ������������,6392,7480,True,seed_following,Jim_Jordan
3355281,BrighamWomens,Brigham and Women's Hospital,58185,2984,True,seed_following,kimguilfoyle
17058879,BryanMyrick,Bryan S. Myrick,2679,2049,False,seed_following,Jim_Jordan
42215610,Buckeye_44,Mary_Buckeye Girl ������������������������������������,1058,3106,False,seed_following,Jim_Jordan
5695632,BuzzFeed,BuzzFeed,5447806,2664,True,seed_following,kimguilfoyle
15966258,CAGOP,California Republican Party,49629,2701,True,seed_following,DanScavino
16613128,CBP,CBP,587454,431,True,seed_following,DanScavino
2359926157,CIA,CIA,3721208,56,True,seed_following,DanScavino
2847221717,CIADirector,CIA Director John Ratcliffe,696924,954,True,seed_following,DanScavino
4121225056,CLewandowski_,Corey R. Lewandowski,580010,56,True,seed_following,realDonaldTrump
759251,CNN,CNN,61889399,1047,True,seed_following,kimguilfoyle
13850422,CNNPolitics,CNN Politics,4597624,324,True,seed_following,DanScavino
7039122,CRNC,College Republicans,67203,4942,True,seed_following,DanScavino
6996632,CTGOP,CTGOP,21175,2341,False,seed_following,DanScavino
2327400218,C_3C_3,C3,319972,8747,True,seed_following,DonaldJTrumpJr
991470575846658048,CantaloupeNews,Cantaloupe News,35026,128,False,seed_following,DonaldJTrumpJr
15725628,CarlPope,Carl Pope,5251,56,False,seed_following,RobertKennedyJr
1217185399166074885,CarlosGimenezFL,Carlos A. Gimenez,13531,223,False,seed_following,DonaldJTrumpJr
14895030,CarpeDonktum,Carpe Donktum������,433528,518,True,seed_following,DanScavino
1434254449,CatalinPredoiu,Catalin Predoiu,1462,125,False,seed_following,kimguilfoyle
2361631088,CathieDWood,Cathie Wood,2182841,510,True,seed_following,DonaldJTrumpJr
1628481937559162880,CforCatholics,Catholics for Catholics 🇺🇲,72547,336,True,seed_following,DanScavino
16187637,ChadPergram,Chad Pergram,201384,22700,True,seed_following,DanScavino
2006398816933851136,ChairmanSelig,Mike Selig,10220,36,True,seed_following,DonaldJTrumpJr
55687166,ChazOswald,Chaz Oswald 查尔斯,1005,800,False,seed_following,Jim_Jordan
782018153207431168,ChildrensHD,Children’s Health Defense,326631,1824,True,seed_following,RobertKennedyJr
816061098231296000,ChrisLandauUSA,Christopher Landau,231999,567,True,seed_following,DanScavino
469263260,Christodulides,NikosChristodoulides,67771,913,True,seed_following,kimguilfoyle
110798061,CoachForGov,Tommy Tuberville,128888,1138,True,seed_following,RobertKennedyJr
1333648083041718273,CoinWingsIO,CoinWings,24322,1075,True,seed_following,DonaldJTrumpJr
442456291,ColbyCovMMA,Colby Covington,484657,253,True,seed_following,Jim_Jordan
17060573,ComfortablySmug,Comfortably Smug,354390,8582,True,seed_following,DanScavino
76132891,CongMikeSimpson,Congressman Mike Simpson,29937,471,True,seed_following,Jim_Jordan
1468677099594698757,Congressman_JVD,Congressman Jeff Van Drew,31861,320,True,seed_following,Jim_Jordan
17351088,ConservaWonk,Greg R. Lawson,3603,3987,True,seed_following,Jim_Jordan
15808765,CoryBooker,Cory Booker,4364003,76692,True,seed_following,RobertKennedyJr
317980134,CraigCaplan,Craig Caplan,41596,3480,True,seed_following,kimguilfoyle
1394116333390884865,CryptoNotaz,Notaz.eth 💎,22159,2839,True,seed_following,DonaldJTrumpJr
1910742306820378624,DAGToddBlanche,Acting AG Todd Blanche,115280,30,True,seed_following,DonaldJTrumpJr
15647676,DHSgov,Homeland Security,2969673,212,True,seed_following,DanScavino
7702542,DLoesch,Dana Loesch,1348773,4331,True,seed_following,kimguilfoyle
1856751787644260354,DOGE,Department of Government Efficiency,4777486,0,True,seed_following,DanScavino
4263722186,DStefanskiAZ,Daniel Stefanski,1965,4474,False,seed_following,Jim_Jordan
155620016,DaRealAmberRose,Amber Rose,3416795,795,True,seed_following,RobertKennedyJr
620571475,DanScavino,Dan Scavino Jr.🇺🇸🦅,2236139,1015,True,seed_following,realDonaldTrump
17739961,Dan_Schwartz,Dan Schwartz,3589,7500,False,seed_following,Jim_Jordan
27311044,DanaPerino,Dana Perino,2481384,10231,True,seed_following,Jim_Jordan
14759840,DanielPinchbeck,Daniel Pinchbeck,15920,3092,True,seed_following,RobertKennedyJr
1031747223569227776,DarrenJBeattie,Darren J. Beattie ������,375402,94,True,seed_following,DonaldJTrumpJr
1320917783597625349,DataRepublican,DataRepublican (small r),942496,4846,True,seed_following,DonaldJTrumpJr
1471899548331257867,DaveMcCormickPA,Dave McCormick,70427,195,True,seed_following,DonaldJTrumpJr
1397501864,DavidPerdueGA,David Perdue,72729,1251,True,seed_following,Jim_Jordan
1137701,DavidSacks,David Sacks,1488695,3476,True,seed_following,kimguilfoyle
16872095,DavidWhiteside,David Whiteside,2775,3308,False,seed_following,RobertKennedyJr
273484771,DaytonMBB,Dayton Basketball,71991,956,True,seed_following,Jim_Jordan
5907272,DeSmog,DeSmog,80200,49428,True,seed_following,RobertKennedyJr
15309072,Defenders,Defenders of Wildlife,179419,3161,False,seed_following,RobertKennedyJr
5920532,Delta,Delta,1586807,32008,True,seed_following,kimguilfoyle
15022633,Dennis_Kucinich,Dennis Kucinich,54965,798,True,seed_following,RobertKennedyJr
66369181,DeptofWar,Department of War 🇺🇸,7140479,673,True,seed_following,DonaldJTrumpJr
1380265270137257987,DeputySecState,Christopher Landau,310852,337,True,seed_following,DonaldJTrumpJr
2908170952,DiamondandSilk,Diamond and Silk®,2427440,116,True,seed_following,realDonaldTrump
91882544,DineshDSouza,Dinesh D'Souza,5456098,10395,True,seed_following,DonaldJTrumpJr
392739061,DividendMaster,Dividend Master,14306,1960,False,seed_following,DonaldJTrumpJr
39344374,DonaldJTrumpJr,Donald Trump Jr.,16241024,2322,True,seed_following,realDonaldTrump
1676221786524987392,DougOfSkye,Douglas MacKinnon,9883,544,True,seed_following,RobertKennedyJr
1570180292,DowdEdward,Edward Dowd,400245,1413,True,seed_following,RobertKennedyJr
472777204,DrAseemMalhotra,Dr Aseem Malhotra,881342,3170,True,seed_following,RobertKennedyJr
815273012,DrKellyVictory,Kelly Victory MD,134792,20,True,seed_following,RobertKennedyJr
38531995,DrOz,Dr. Mehmet Oz,3296892,879,True,seed_following,DanScavino
7025662,DrPhil,Dr. Phil,1600650,156,True,seed_following,kimguilfoyle
1982897967863652352,EBTofTikTok,EBT of TikTok,49920,0,True,seed_following,DonaldJTrumpJr
18558612,ESPNPR,ESPN PR,179947,391,True,seed_following,kimguilfoyle
640893,EWErickson,Erick Erickson,267461,3417,True,seed_following,kimguilfoyle
19612749,EagleEdMartin,Eagle Ed Martin,186092,18029,True,seed_following,DanScavino
10286782,Earth911,Earth911.com,65738,4412,False,seed_following,RobertKennedyJr
1955324095484268544,EdMartinDOJ,Ed Martin,86558,134,True,seed_following,DonaldJTrumpJr
177645291,EitanNahmias,Eitan Nahmias,10657,411,False,seed_following,RobertKennedyJr
1290635110149169152,ElectionWiz,Election Wizard,585055,4370,True,seed_following,DonaldJTrumpJr
109614008,Emilylgoodin,Emily Goodin,9457,3229,False,seed_following,DanScavino
16721621,EnvAm,Environment America,31860,5121,False,seed_following,RobertKennedyJr
39349894,EricTrump,Eric Trump,6026869,1294,True,seed_following,realDonaldTrump
101852818,Eric_Schmitt,Eric Schmitt,256746,2895,True,seed_following,RobertKennedyJr
400103414,ErinElmore,Erin Scavino,43077,304,False,seed_following,DanScavino
4251447981,EtatMajorFR,Armée française - Opérations militaires,240308,657,True,seed_following,kimguilfoyle
715146025586069504,EuroConOfficial,The European Conservative,31607,5015,True,seed_following,Jim_Jordan
14654494,Excellion,Samson Mow,364501,6582,True,seed_following,RobertKennedyJr
1892594777075417088,FBIDirectorKash,FBI Director Kash Patel,2006286,239,True,seed_following,Jim_Jordan
344931026,FBISaltLakeCity,FBI Salt Lake City,77738,44,True,seed_following,kimguilfoyle
138372303,FIFAWorldCup,FIFA World Cup,12791287,670,True,seed_following,DanScavino
814375707241488384,FII_Institute1,FII Institute,98511,508,False,seed_following,DonaldJTrumpJr
23427951,FLGuard,FloridaNationalGuard,16162,414,False,seed_following,kimguilfoyle
4898091,FinancialTimes,Financial Times,7120887,990,True,seed_following,kimguilfoyle
1344356576786866176,FmrRepMTG,Former Congresswoman Marjorie Taylor Greene🇺🇸,5440572,911,True,seed_following,DonaldJTrumpJr
818948638890217473,FmrRepMattGaetz,Former Congressman Matt Gaetz,3184385,1192,True,seed_following,Jim_Jordan
1367531,FoxNews,Fox News,28940018,281,True,seed_following,kimguilfoyle
14730894,FreedomWorks,FreedomWorks,274216,9835,False,seed_following,DanScavino
1281457267582177280,GRDecter,"Genevieve Roch-Decter, CFA",416630,1020,True,seed_following,DonaldJTrumpJr
17074440,GStephanopoulos,George Stephanopoulos,2310768,858,True,seed_following,DanScavino
11347122,GavinNewsom,Gavin Newsom,2957904,18417,True,seed_following,RobertKennedyJr
240454812,GenFlynn,General Mike Flynn,2291935,19902,True,seed_following,DanScavino
246500501,GeraldoRivera,Geraldo Rivera,394100,2021,True,seed_following,realDonaldTrump
1242258668638236672,GingerLGaetz,Ginger Gaetz,148007,836,True,seed_following,DanScavino
1710715593375313920,Girlpatriot1974,Girl patriot 🙏 🇺🇸 🦅,251083,31659,True,seed_following,kimguilfoyle
881556571083255808,Globalstats11,Global Statistics,283312,33,True,seed_following,DanScavino
1080870981877534720,GovBraun,Governor Mike Braun,67173,388,True,seed_following,DonaldJTrumpJr
15416505,GovMikeHuckabee,Ambassador Mike Huckabee,1996480,614,True,seed_following,DanScavino
1058807868,GovRonDeSantis,Ron DeSantis,6036498,1,True,seed_following,DonaldJTrumpJr
14788764,GrantCardone,Grant Cardone,1269080,4788,True,seed_following,RobertKennedyJr
197488311,GreeceInUSA,Embassy of Greece in Washington D.C.,24904,198,False,seed_following,kimguilfoyle
134812919,GreeceMFA,Υπουργείο Εξωτερικών,186619,563,False,seed_following,kimguilfoyle
38090709,GreekReporter,Greek Reporter,36035,126,False,seed_following,kimguilfoyle
16099657,GregCorombos,Greg Corombos,4261,2052,False,seed_following,Jim_Jordan
22286602,GunOwners,Gun Owners of America,457005,693,False,seed_following,Jim_Jordan
1467931973616386052,GunRightsPrez,Dudley Brown,1697291,999,True,seed_following,DonaldJTrumpJr
1355721251180961792,GuntherEagleman,Gunther Eagleman™,1737772,103263,True,seed_following,DonaldJTrumpJr
27083523,GuyFieri,Mayor Guy Fieri,3248452,497,True,seed_following,DonaldJTrumpJr
1930699543538262016,HHS_Jim,Deputy Secretary Jim O'Neill,58157,158,False,seed_following,RobertKennedyJr
201066140,HarmeetKDhillon,Harmeet K. Dhillon,1347197,16194,True,seed_following,Jim_Jordan
2352629311,HawleyMO,Josh Hawley,2488639,965,True,seed_following,RobertKennedyJr
16579346,HealTheBay,Heal the Bay,41275,29623,False,seed_following,RobertKennedyJr
14347972,Heminator,Mark Hemingway,177846,7394,True,seed_following,DanScavino
10168082,Heritage,Heritage Foundation,769390,399,False,seed_following,DanScavino
851985789072408576,HighWireTalk,The HighWire,252603,818,True,seed_following,RobertKennedyJr
239964567,HomelandGOP,House Homeland GOP,48257,1206,True,seed_following,Jim_Jordan
21822997,HotepJesus,Hotep Jesus,303214,1862,True,seed_following,DonaldJTrumpJr
7402662,HouseFloor,U.S. House Updates,419401,8,True,seed_following,kimguilfoyle
15207668,HouseGOP,House Republicans,1776776,668,True,seed_following,DanScavino
1501588745103060993,HouseIntel,House Intelligence Committee,21085,215,True,seed_following,Jim_Jordan
13262862,HowardMortman,Howard Mortman,45178,14070,False,seed_following,DanScavino
1326005070,HowieCarrShow,Howie Carr,122775,1678,True,seed_following,RobertKennedyJr
212044538,HunterNation,Hunter Nation,8839,529,True,seed_following,DonaldJTrumpJr
24112747,INDOPACOM,U.S. Indo-Pacific Command,435455,2912,True,seed_following,DanScavino
72631996,IRSnews,IRSnews,312429,10,False,seed_following,kimguilfoyle
50769180,IngrahamAngle,Laura Ingraham,5304631,767,True,seed_following,realDonaldTrump
948548906,InnaVernikov,Councilwoman Inna Vernikov,60098,1337,True,seed_following,DonaldJTrumpJr
52544275,IvankaTrump,Ivanka Trump,11191173,1749,True,seed_following,realDonaldTrump
21857709,JENin140,Jen ~ ������������������������,18263,20073,True,seed_following,Jim_Jordan
15311220,JJonesMBA,Joshua J. Jones,2831,1252,False,seed_following,RobertKennedyJr
14803522,JPFreire,J.P. Freire,10318,9286,True,seed_following,Jim_Jordan
78685709,JackBrewerBSI,Commissioner Jack Brewer,83637,2228,True,seed_following,Jim_Jordan
950231737518321666,Jackyi_ld,JackYi,77988,728,True,seed_following,DonaldJTrumpJr
322217657,JacquiHeinrich,Jacqui Heinrich,188322,4486,True,seed_following,DanScavino
34329929,JakeBGibson,Jake Gibson,10427,1758,False,seed_following,Jim_Jordan
21252618,JakeSherman,Jake Sherman,464249,3958,True,seed_following,DonaldJTrumpJr
16989178,JamesOKeefeIII,James O'Keefe,3493791,2428,True,seed_following,DanScavino
15721305,JamieWClarke,Jamie Clarke,2926,1835,False,seed_following,RobertKennedyJr
15719232,JanJekielek,Jan Jekielek,214968,8948,True,seed_following,RobertKennedyJr
111400999,JaniceDean,Janice Dean,633681,10636,True,seed_following,Jim_Jordan
3840,Jason,@jason,1196116,6501,True,seed_following,kimguilfoyle
1084375028,JasonMiller,Jason Miller,630869,5343,True,seed_following,DanScavino
1073773247743836161,JayneZirkle,Jayne Zirkle,54620,1598,True,seed_following,DonaldJTrumpJr
15506669,JeffBezos,Jeff Bezos,7513266,570,True,seed_following,DanScavino
39067753,JeffMillerCA2TX,(((Jeff Miller))),4529,1855,False,seed_following,DonaldJTrumpJr
15433452,JenniferJJacobs,Jennifer Jacobs,363957,55116,True,seed_following,DanScavino
154276098,JenniferMarguli,Jennifer Margulis,39209,207,False,seed_following,RobertKennedyJr
2008155986125819904,JenningsShow,Scott Jennings Show,46551,226,True,seed_following,Jim_Jordan
56561449,JesseBWatters,Jesse Watters,3623749,1871,True,seed_following,realDonaldTrump
6449282,JetBlue,JetBlue,1780969,93634,True,seed_following,kimguilfoyle
9508922,JimDeMint,Jim DeMint,181814,7762,True,seed_following,DanScavino
1125693852063498241,JimFergusonUK,Jim Ferguson,444786,17403,True,seed_following,kimguilfoyle
14836282,Jim_Banks,Jim Banks,73504,2944,True,seed_following,DanScavino
18166778,Jim_Jordan,Rep. Jim Jordan,6817714,3635,True,seed_following,realDonaldTrump
19737700,JoeTalkShow,Joe Pags Pagliarulo,288602,1204,True,seed_following,Jim_Jordan
7259302,JoeTrippi,Joe Trippi,751981,7020,True,seed_following,kimguilfoyle
887300095,Joe_Popolo,Joe Popolo,2502,888,True,seed_following,kimguilfoyle
1396109420363452425,JoelWGibbonsV,J.W. Gibbons,2556,5716,False,seed_following,Jim_Jordan
526513037,JohnAshbrook,John Ashbrook,29839,2618,True,seed_following,Jim_Jordan
13218102,JohnCornyn,Senator John Cornyn,413735,14387,True,seed_following,DanScavino
15007149,JohnKerry,John Kerry,3036206,570,True,seed_following,RobertKennedyJr
22861044,JoshSweigart,Josh Sweigart,2058,734,False,seed_following,Jim_Jordan
28626088,JoshYoung,Josh Young,131230,2526,True,seed_following,DonaldJTrumpJr
1074753618,JoshuaLisec,"Joshua Lisec, The Ghostwriter",76031,1376,True,seed_following,DonaldJTrumpJr
29458079,JudgeJeanine,Jeanine Pirro,4162206,570,True,seed_following,realDonaldTrump
1131917492,JudiciaryGOP,House Judiciary GOP ������������������������������������,590846,817,True,seed_following,Jim_Jordan
826137355,JusticeTristan,Tristan Justice,9869,2413,True,seed_following,Jim_Jordan
14260960,JustinTrudeau,Justin Trudeau,6503181,876,True,seed_following,RobertKennedyJr
15463486,KThomasDC,Ken Thomas,34025,4041,False,seed_following,DanScavino
1082197856,KariLake,Kari Lake,3105804,1113,True,seed_following,DonaldJTrumpJr
1863271160747610112,Kash_Patel,Kash Patel,1437075,320,True,seed_following,Jim_Jordan
240504013,KatieMiller,Katie Miller,225507,905,True,seed_following,DonaldJTrumpJr
34852681,KatrinaCampins,Katrina Campins,225851,2186,True,seed_following,realDonaldTrump
471672239,KellyannePolls,Kellyanne Conway,3564603,1200,True,seed_following,realDonaldTrump
1121181,KiteVC,Bill Tai,38110,2808,True,seed_following,DonaldJTrumpJr
16336098,KristinFisher,Kristin Fisher,75180,898,True,seed_following,DanScavino
18482836,Kristinawong,Kristina Wong ������������,138232,3390,True,seed_following,DonaldJTrumpJr
1802167674006319104,KurdishGalGadot,KGG,7214,1559,True,seed_following,kimguilfoyle
1742962403887788032,LAGovJeffLandry,Governor Jeff Landry,27909,370,False,seed_following,DonaldJTrumpJr
4833263702,LChavezDeRemer,Lori Chavez-DeRemer,34596,673,False,seed_following,DanScavino
16015434,LOWaterkeeper,Lake Ontario Waterkeeper,11339,11111,True,seed_following,RobertKennedyJr
75541946,LaraLeaTrump,Lara Trump,2203560,822,True,seed_following,realDonaldTrump
1490466596531355650,LarryJones,������������ Larry ������������,177287,3708,True,seed_following,DonaldJTrumpJr
537709549,LauraLoomer,Laura Loomer,1911765,7827,True,seed_following,DanScavino
1102987848741998592,LaurenWitzkeDE,Lauren Witzke,254882,2465,True,seed_following,DonaldJTrumpJr
296361085,LeaderJohnThune,Leader John Thune,370725,372,True,seed_following,kimguilfoyle
548078410,LevineJonathan,Jon Levine,87565,1752,True,seed_following,Jim_Jordan
3064473368,Lily4Liberty,Lily Tang Williams,264835,16920,True,seed_following,RobertKennedyJr
321190259,LizWillis_,Liz Willis,102650,3216,True,seed_following,DanScavino
26487169,LouDobbs,Lou Dobbs,2372414,2930,True,seed_following,realDonaldTrump
18123506,Loyal_Eagle,Loyal_Eagle,1305,2448,False,seed_following,Jim_Jordan
23201172,LyzzPickle,Conservative Mimi,2415,7502,True,seed_following,Jim_Jordan
35006107,MAFamilyInst,MA Family Institute,2312,933,True,seed_following,Jim_Jordan
1519423953160310785,MAGAStormX,MAGA Storm,21485,20,True,seed_following,kimguilfoyle
108471631,MELANIATRUMP,MELANIA TRUMP,3976188,68,True,seed_following,realDonaldTrump
17235172,MIGOP,Michigan GOP,48866,1500,True,seed_following,DanScavino
2836421,MSNOWNews,MS NOW,5052000,804,True,seed_following,kimguilfoyle
1476321387581255692,MakaveliMemez,Makaveli Memez,20733,790,True,seed_following,DonaldJTrumpJr
208155240,MariaBartiromo,Maria Bartiromo,1596902,2151,True,seed_following,realDonaldTrump
711660752097189888,MarkBlazor,Mark Blazor,1842,511,False,seed_following,Jim_Jordan
316865635,MarkBurnettTV,Mark Burnett,210017,438,True,seed_following,realDonaldTrump
963480595,MarkMeadows,Mark Meadows,1080684,1078,True,seed_following,realDonaldTrump
926533381525069826,MarkPaoletta,Mark Paoletta,43324,2845,True,seed_following,DonaldJTrumpJr
624413,MarketWatch,MarketWatch,4608964,195,True,seed_following,kimguilfoyle
278145569,MarshaBlackburn,Sen. Marsha Blackburn,1596145,2045,True,seed_following,Jim_Jordan
74864333,MarthaByrne10,Martha Byrne,20933,3028,True,seed_following,kimguilfoyle
2521469449,MartinKulldorff,Martin Kulldorff,438304,3050,True,seed_following,RobertKennedyJr
1139217161275101184,MaryBowdenMD,Mary Talley Bowden MD,628950,12146,True,seed_following,DonaldJTrumpJr
1759181,MattMackowiak,Matt Mackowiak,37445,13578,True,seed_following,kimguilfoyle
805532293951606785,MattWallace888,Matt Wallace,2376400,12777,True,seed_following,DonaldJTrumpJr
6672532,MattWhitaker46,Matt Whitaker ������������,79804,2767,True,seed_following,kimguilfoyle
15725659,MattWolking,Matt Wolking,98179,8637,True,seed_following,DanScavino
17946674,Matt_Hougan,Matt Hougan,96727,528,True,seed_following,DonaldJTrumpJr
17964275,Mattphilbin,Matt Philbin,2093,1273,True,seed_following,Jim_Jordan
3282973915,MedianPolitics,Median Politics,26722,5124,True,seed_following,DonaldJTrumpJr
1822313061975273472,MediasLies,Media Lies,301332,0,True,seed_following,DanScavino
58560480,MichaelDell,Michael Dell 🇺🇸,1831872,4149,True,seed_following,DonaldJTrumpJr
16581604,MikeBloomberg,Mike Bloomberg,2377308,721,True,seed_following,RobertKennedyJr
600463589,MikeCrapo,Senator Mike Crapo,138972,833,True,seed_following,RobertKennedyJr
15088481,MikeHudema,Mike Hudema,221298,29246,True,seed_following,RobertKennedyJr
7302362,MikeNeedham,Michael Needham,9982,470,True,seed_following,kimguilfoyle
22203756,Mike_Pence,Mike Pence,5666186,66,True,seed_following,realDonaldTrump
1689393367833313286,Milajoy,Mila Joy,544644,116822,True,seed_following,kimguilfoyle
1904134584511389696,MizellPreston,Preston Mizell,1378,265,True,seed_following,Jim_Jordan
166990746,MonicaCrowley,Monica Crowley,1400220,1831,True,seed_following,kimguilfoyle
14750983,MontereyAq,Monterey Bay Aquarium,197137,2654,False,seed_following,RobertKennedyJr
1405410944608477185,MrsErikaKirk,Erika Kirk,1009982,27,True,seed_following,DonaldJTrumpJr
475802156,MrsVanessaTrump,Ms Vanessa Trump,421943,267,True,seed_following,realDonaldTrump
1805622878550843392,MurrayHillGuy1,Murray Hill Guy,66511,802,True,seed_following,DonaldJTrumpJr
11348282,NASA,NASA,91727824,117,True,seed_following,RobertKennedyJr
2000593641480605696,NASAAdmin,NASA Administrator Jared Isaacman,175859,51,True,seed_following,DanScavino
16580226,NASAKennedy,NASA's Kennedy Space Center,2988472,185,True,seed_following,RobertKennedyJr
1907894348319973378,NASASpox,Bethany Stevens,16856,124,True,seed_following,DanScavino
20545835,NEWSMAX,NEWSMAX,3656918,830,True,seed_following,DonaldJTrumpJr
14669951,NEWS_MAKER,NEWS MAKER,969376,754,True,seed_following,DanScavino
35787166,NICKIMINAJ,Nicki Minaj,26216877,6993,True,seed_following,DonaldJTrumpJr
1432200636557250561,NJBeisner,Natalie Jean Beisner,117066,7458,True,seed_following,DonaldJTrumpJr
14342564,NOAA,NOAA,1299232,157,True,seed_following,RobertKennedyJr
16619904,NOAAOceanToday,NOAA Ocean Today,100479,281,False,seed_following,RobertKennedyJr
5392522,NPR,NPR,7765147,57413,True,seed_following,kimguilfoyle
14062180,NPRextra,nprextra,425445,1651,True,seed_following,RobertKennedyJr
5496932,NRCC,NRCC,107843,787,True,seed_following,kimguilfoyle
5693842,NRSC,Senate Republicans,171528,2890,True,seed_following,kimguilfoyle
2248872301,NSAGov,NSA/CSS,1147513,0,True,seed_following,DanScavino
16245822,NSF,U.S. National Science Foundation,1152701,146,True,seed_following,RobertKennedyJr
3554721,NWF,National Wildlife Federation,536371,489,True,seed_following,RobertKennedyJr
1447181720,NYSDEC,New York State Dept. of Environmental Conservation,44401,563,False,seed_following,DonaldJTrumpJr
1769551,NYTHealth,NYT Health,1063873,118,True,seed_following,kimguilfoyle
1435461,NYTScience,NYT Science,1157646,443,True,seed_following,RobertKennedyJr
16873037,NYYRC,New York Young Republican Club ������������������,38565,4152,True,seed_following,DanScavino
1479290779709239296,NanLee1124,NanLee Marie Carissimi,99565,27252,True,seed_following,DonaldJTrumpJr
44553913,Nate_Esparza,Nate Esparza,58231,971,True,seed_following,DanScavino
892237368589115393,Nefertari_25,Kara McKinney OANN,44278,1838,True,seed_following,Jim_Jordan
2884771,Newsweek,Newsweek,3422306,586,True,seed_following,kimguilfoyle
183625065,NicHulscher,"Nicolas Hulscher, MPH",242398,913,True,seed_following,RobertKennedyJr
91583544,NickAdamsinUSA,Nick Adams,638597,15888,True,seed_following,Jim_Jordan
21217620,NicoleShanahan,Nicole Shanahan,562357,250,True,seed_following,RobertKennedyJr
1881305666897297408,NicusorDanRO,Nicușor Dan,75087,25,True,seed_following,kimguilfoyle
8162322,NikkiSchwab,Nikki Schwab,12777,9111,True,seed_following,kimguilfoyle
1874887469625466880,Nikos_Lygeros,Nikos Lygeros,4500,259,True,seed_following,kimguilfoyle
106711386,NoahPollak,Noah Pollak,63321,1369,True,seed_following,DonaldJTrumpJr
16163639,NolteNC,John Ocasio-Rodham Nolte,177623,415,True,seed_following,DanScavino
1423097842034528257,NotSoEasyMoney,Easy,144146,4670,True,seed_following,DonaldJTrumpJr
18810217,OHCircuitRider,Pete Miller ������������,3113,4362,True,seed_following,Jim_Jordan
16348549,ONECampaign,ONE,1359287,3049,True,seed_following,RobertKennedyJr
1213227521392558080,Oilfield_Rando,Oilfield Rando,253290,3790,True,seed_following,DonaldJTrumpJr
1797408981717258240,OldStateSaloon,Old State Saloon,103599,1860,True,seed_following,kimguilfoyle
1430216392343687174,OpenSourceZone,OSZ,46043,1017,True,seed_following,DanScavino
75321645,OrderStAndrew,Archons of the Ecumenical Patriarchate,10590,1112,False,seed_following,kimguilfoyle
1212783083272855552,Osint613,Open Source Intel,1360794,1027,True,seed_following,kimguilfoyle
12133382,PBS,PBS,1894240,42835,True,seed_following,RobertKennedyJr
10915142,PBSNature,Nature,106696,775,False,seed_following,RobertKennedyJr
7597712,PJMedia_com,PJ Media,71161,28758,True,seed_following,DonaldJTrumpJr
1879650942410481666,POTUS,President Donald J. Trump,4163353,4,True,seed_following,kimguilfoyle
1465347964252180493,P_McCulloughMD,"Peter A. McCullough, MD, MPH®",1257950,637,True,seed_following,RobertKennedyJr
13451802,Participant,Participant,73391,5651,False,seed_following,RobertKennedyJr
1818118243778969600,PatriotHQ,MAGA Reports 🇺🇸 Jay,427628,34657,True,seed_following,DanScavino
25533583,PatriotPost,The Patriot Post,12814,395,True,seed_following,DonaldJTrumpJr
18371070,PatriotWatchdog,PatriotWatchdog,1023,1230,True,seed_following,Jim_Jordan
1901991362645626880,PeakOneX,Peak,15900,1085,True,seed_following,DonaldJTrumpJr
1518709627927633920,PeteHegseth,Pete Hegseth,1971132,486,True,seed_following,DanScavino
14710129,PeterDiamandis,"Peter H. Diamandis, MD",370270,829,True,seed_following,DonaldJTrumpJr
1539239064,PhilHollowayEsq,Phil Holloway ✈️,99403,3678,True,seed_following,Jim_Jordan
1027351783071346688,PhilMickelson,Phil Mickelson,1435167,549,True,seed_following,DanScavino
2163723997,PierreKory,"Pierre Kory, MD MPA",612603,354,True,seed_following,RobertKennedyJr
18496709,Politisite,Albert N Milliron,8961,5216,False,seed_following,Jim_Jordan
1506268943085887503,PolitlcsGlobal,Politics Global,50675,143,True,seed_following,kimguilfoyle
1245019759558692864,PresidencyGR,President GR,103001,40,True,seed_following,kimguilfoyle
1879670389057474560,PressSec,Karoline Leavitt,1947770,187,True,seed_following,kimguilfoyle
818927131883356161,PressSec45,Kayleigh McEnany 45 Archived,5339893,329,True,seed_following,realDonaldTrump
765255265503543296,ProfMJCleveland,Margot Cleveland,265205,3561,True,seed_following,DonaldJTrumpJr
6794502,PublicHealth,APHA,463860,12664,True,seed_following,kimguilfoyle
10340482,RAN,Rainforest Action Network (RAN) 🌴,91867,28822,False,seed_following,RobertKennedyJr
1081117524,RCMaxw3ll,R.C. Maxwell 🇺🇸,168134,996,True,seed_following,DonaldJTrumpJr
34793128,RCamposDuffy,Rachel Campos-Duffy,296522,9609,True,seed_following,RobertKennedyJr
4041824789,RSBNetwork,RSBN 🇺🇸,1165023,860,True,seed_following,DanScavino
216881337,RandPaul,Rand Paul,5956500,811,True,seed_following,DonaldJTrumpJr
1881451105454002176,RapidResponse47,Rapid Response 47,1780027,71,True,seed_following,Jim_Jordan
1341796696867491841,RealCryptoFace,CryptoFace,203553,580,True,seed_following,RobertKennedyJr
1609617100175196160,RealEJAntoni,"E.J. Antoni, Ph.D.",90809,548,True,seed_following,DonaldJTrumpJr
322293052,RealRomaDowney,Roma Downey,261040,2994,True,seed_following,realDonaldTrump
86159944,RealWashoeGOP,Washoe County Republican Party,3169,1163,True,seed_following,Jim_Jordan
6519522,RedCross,American Red Cross,4401783,164,True,seed_following,kimguilfoyle
3135241,RedState,RedState,370114,440,True,seed_following,kimguilfoyle
811377,Reddit,"Reddit, Inc.",1101882,559,True,seed_following,kimguilfoyle
20874829,ReformParty,Reform Party of the United States,5560,115,True,seed_following,RobertKennedyJr
50848248,RegularGuyRant,RJR,2306,5165,False,seed_following,Jim_Jordan
20733972,Reince,Reince Priebus,788695,323,True,seed_following,realDonaldTrump
1339006078688825344,RepBarryMoore,Rep. Barry Moore,24805,790,True,seed_following,DonaldJTrumpJr
1869814916430888960,RepBaumgartner,Congressman Michael Baumgartner,10383,143,True,seed_following,Jim_Jordan
1072158357237174272,RepBenCline,Congressman Ben Cline,53181,1072,True,seed_following,Jim_Jordan
1345788865911656454,RepBentz,Congressman Cliff Bentz,9955,604,True,seed_following,Jim_Jordan
1342989756611907584,RepBoebert,Rep. Lauren Boebert,1503552,574,True,seed_following,Jim_Jordan
814103950404239360,RepBrianMast,Rep. Brian Mast,148868,561,True,seed_following,kimguilfoyle
1344481217685692416,RepBurgessOwens,Rep. Burgess Owens,42416,454,True,seed_following,Jim_Jordan
1176522535531360257,RepDanBishop,Rep. Dan Bishop,139102,766,True,seed_following,Jim_Jordan
1344375287484723205,RepFischbach,Rep. Michelle Fischbach,12319,600,True,seed_following,Jim_Jordan
1004891731,RepFitzgerald,Rep. Scott Fitzgerald,15089,914,True,seed_following,Jim_Jordan
1136060761422405633,RepFredKeller,Congressman Fred Keller,15155,704,False,seed_following,DonaldJTrumpJr
1578455747263766528,RepHageman,Rep. Harriet Hageman,96589,205,True,seed_following,DonaldJTrumpJr
815733290955112448,RepJayapal,Rep. Pramila Jayapal,566090,2393,True,seed_following,kimguilfoyle
254082173,RepJoeWilson,Joe Wilson,207446,1166,True,seed_following,kimguilfoyle
1344325638983987201,RepKatCammack,Congresswoman Kat Cammack,124745,747,True,seed_following,Jim_Jordan
1612430165585416192,RepKeithSelf,Rep. Keith Self,66461,825,True,seed_following,DanScavino
1610356961475809280,RepKiley,Rep. Kevin Kiley,36588,236,True,seed_following,Jim_Jordan
1608230657796227072,RepLaurelLee,Congresswoman Laurel Lee,13714,483,True,seed_following,Jim_Jordan
1610230835289923584,RepLuna,Rep. Anna Paulina Luna,596052,363,True,seed_following,DonaldJTrumpJr
1080477288955826176,RepMarkGreen,Rep. Mark Green,121295,1186,True,seed_following,DonaldJTrumpJr
1343656635907125250,RepMaryMiller,Rep. Mary Miller,207958,1305,True,seed_following,Jim_Jordan
1808142093744852992,RepMichaelRulli,Rep. Mike Rulli,3961,361,True,seed_following,Jim_Jordan
1590372047015886853,RepMikeLawler,Congressman Mike Lawler,37429,721,True,seed_following,kimguilfoyle
1611138873496637440,RepMillsPress,Rep. Cory Mills ������������,60448,431,True,seed_following,DonaldJTrumpJr
1603470469608374272,RepNateMoran,Congressman Nathaniel Moran,12323,798,True,seed_following,Jim_Jordan
1603110823014141952,RepOgles,Rep. Andy Ogles,119763,668,True,seed_following,DanScavino
1341120751399809026,RepPfluger,Rep. August Pfluger,29010,1234,True,seed_following,Jim_Jordan
1603514304354983941,RepRussellFry,Congressman Russell Fry,21143,924,True,seed_following,Jim_Jordan
1345103905869455361,RepSaraJacobs,Congresswoman Sara Jacobs,58037,98,True,seed_following,kimguilfoyle
1344845201479663621,RepSpartz,Rep. Victoria Spartz,94058,430,True,seed_following,Jim_Jordan
6577802,RepTomPrice,Tom Price,27762,2684,False,seed_following,kimguilfoyle
1347318288850825217,RepTroyNehls,Congressman Troy E. Nehls,239028,1681,True,seed_following,Jim_Jordan
1602751001756311556,RepWPH,Rep. Wesley Hunt Press Office,62212,177,True,seed_following,Jim_Jordan
1762595748238213120,Rep_Davidson,Rep. Warren Davidson,10614,871,True,seed_following,Jim_Jordan
11134252,Republicans,Republicans,3474357,982,True,seed_following,Jim_Jordan
1652541,Reuters,Reuters,25697816,1188,True,seed_following,kimguilfoyle
5577902,RickWarren,Rick Warren,2094954,6386,True,seed_following,kimguilfoyle
1494513441234636815,RickyDoggin,A Man Of Memes,694966,33060,True,seed_following,DonaldJTrumpJr
2288462990,Ricky_Vaughn99,Ricky Vaughn,38280,1062,True,seed_following,DonaldJTrumpJr
58523,Ricochet,Ricochet,20270,1683,False,seed_following,kimguilfoyle
1589986640587640834,Riley_Gaines_,Riley Gaines,1676929,641,True,seed_following,RobertKennedyJr
14786217,RnfrstAlliance,Rainforest Alliance,183718,8444,False,seed_following,RobertKennedyJr
15978129,RobbinMilne,⚔️ Robbin Milne (I) ☮️ ⚔️,6460,2356,True,seed_following,RobertKennedyJr
3137331,RobertBluey,Rob Bluey,30278,5359,True,seed_following,kimguilfoyle
337808606,RobertKennedyJr,Robert F. Kennedy Jr,5818295,945,True,seed,DaRealAmberRose
16002032,RodSchoonover,Dr. Rod Schoonover,1837,570,False,seed_following,RobertKennedyJr
1240107944,RogerMarshallMD,Dr. Roger Marshall,79968,334,True,seed_following,DonaldJTrumpJr
14780915,RollingStone,Rolling Stone,5791198,608,True,seed_following,RobertKennedyJr
26548841,RonaldReagan,Ronald Reagan Presidential Foundation & Institute,127382,4677,True,seed_following,DanScavino
2353605901,RonnaMcDaniel,Ronna McDaniel,1258347,2727,True,seed_following,realDonaldTrump
1201953403099893760,RonnyJacksonTX,Ronny Jackson,1000012,406,True,seed_following,kimguilfoyle
770781940341288960,RudyGiuliani,Rudy W. Giuliani,1935979,1345,True,seed_following,kimguilfoyle
2596185043,RuthLieberman,Ruth Jaffe Lieberman,1136,1138,False,seed_following,Jim_Jordan
997428386,RyanTAnd,Ryan T. Anderson,53482,903,True,seed_following,Jim_Jordan
15244198,SAK68,The Last Account on X,1043,884,True,seed_following,Jim_Jordan
15925179,SOCAPmarkets,SOCAP Global,37085,2008,False,seed_following,RobertKennedyJr
21829908,SZilberstein,Shirley Zilberstein,2887,2091,False,seed_following,Jim_Jordan
5509762,SarahHuckabee,Sarah Huckabee Sanders,2156894,3282,True,seed_following,kimguilfoyle
1432014119931162629,Sassafrass_84,Sassafrass84,627773,103397,True,seed_following,kimguilfoyle
21619519,ScarboroughNow,Joe Scarborough,2512687,911,True,seed_following,DanScavino
823367015830323201,Scavino45,Dan Scavino Jr. Archived,762553,878,True,seed_following,realDonaldTrump
22869693,SchmittNYC,Rob Schmitt,376497,415,True,seed_following,Jim_Jordan
12044602,Schwarzenegger,Arnold Schwarzenegger,5085685,461,True,seed_following,RobertKennedyJr
931286316,ScottPresler,ThePersistence,2492542,74414,True,seed_following,kimguilfoyle
15737554,Scripps_Ocean,Scripps Institution of Oceanography,71668,2929,False,seed_following,RobertKennedyJr
1886875846473879552,SecKennedy,Secretary Kennedy,1214674,2,True,seed_following,DonaldJTrumpJr
1858947201709305856,SecRubio,Secretary Marco Rubio,1968372,14,True,seed_following,Jim_Jordan
1883257372740591616,SecWar,Secretary of War Pete Hegseth,1392740,4,True,seed_following,kimguilfoyle
1879585122175082496,SecretaryBurgum,Secretary Doug Burgum,115907,71,True,seed_following,kimguilfoyle
1886906824219344896,SecretaryWright,Secretary Chris Wright,120510,27,True,seed_following,kimguilfoyle
1017500185356853248,SenBillCassidy,"U.S. Senator Bill Cassidy, M.D.",105700,1538,True,seed_following,RobertKennedyJr
193794406,SenCapito,Shelley Moore Capito,102258,1075,True,seed_following,RobertKennedyJr
2891210047,SenDanSullivan,Sen. Dan Sullivan,75759,713,True,seed_following,RobertKennedyJr
1603540143872385026,SenEricSchmitt,Senator Eric Schmitt,66516,440,True,seed_following,DonaldJTrumpJr
202206694,SenJohnBarrasso,Sen. John Barrasso,179645,599,True,seed_following,RobertKennedyJr
816683274076614656,SenJohnKennedy,John Kennedy,1736726,1359,True,seed_following,Jim_Jordan
243670716,SenJonHusted,Senator Jon Husted,56518,1264,True,seed_following,Jim_Jordan
1597271188383866883,SenKatieBritt,Senator Katie Boyd Britt,131846,66,True,seed_following,RobertKennedyJr
1249982359,SenMcConnell,U.S. Senator Mitch McConnell,2101045,112,True,seed_following,realDonaldTrump
1060370282,SenMullin,Markwayne Mullin,356597,1031,True,seed_following,RobertKennedyJr
1298624375692894210,SenRandPaul,Senator Rand Paul,326710,453,True,seed_following,RobertKennedyJr
131546062,SenRickScott,Rick Scott,731956,1378,True,seed_following,RobertKennedyJr
233737858,SenRonJohnson,Senator Ron Johnson,696887,1119,True,seed_following,RobertKennedyJr
817138492614524928,SenTedBuddNC,Senator Ted Budd,77596,943,True,seed_following,RobertKennedyJr
1074480192,SenTedCruz,Senator Ted Cruz,4202667,5299,True,seed_following,Jim_Jordan
2964174789,SenThomTillis,Senator Thom Tillis,196489,4232,True,seed_following,RobertKennedyJr
234128524,SenToddYoung,Senator Todd Young,99036,235,True,seed_following,RobertKennedyJr
1345739193721487362,SenTuberville,Coach Tommy Tuberville,163553,356,True,seed_following,RobertKennedyJr
14344823,SenateGOP,Senate Republicans,1692104,140,True,seed_following,DanScavino
1346873610875654147,SenatorHagerty,Senator Bill Hagerty,95920,198,True,seed_following,RobertKennedyJr
225921757,SenatorLankford,Sen. James Lankford,168106,852,True,seed_following,RobertKennedyJr
217543151,SenatorTimScott,Senator Tim Scott,835290,3661,True,seed_following,RobertKennedyJr
31700619,SethDillon,Seth Dillon,888676,1518,True,seed_following,Jim_Jordan
9649222,SidArthurNYC,Robert J Stevens,1366,1791,False,seed_following,Jim_Jordan
7587032,SkyNews,Sky News,8813311,108,True,seed_following,kimguilfoyle
3004231,SnoopDogg,Snoop Dogg,18731166,2697,True,seed_following,kimguilfoyle
39580052,SocialSecurity,Social Security,170495,149,False,seed_following,kimguilfoyle
5781452,SooperMexican,¡El SooperMexican! ن c137 ������,42139,2173,True,seed_following,kimguilfoyle
1251891872986992641,SophieLMartin,Sophie Martin,17111,4426,True,seed_following,DanScavino
34743251,SpaceX,SpaceX,41622197,127,True,seed_following,DanScavino
1451773004,Space_Station,International Space Station,8913494,156,True,seed_following,DanScavino
7713202,SpeakerBoehner,John Boehner,1149472,6587,True,seed_following,kimguilfoyle
19739126,SpeakerMcCarthy,Kevin McCarthy,3125977,1479,True,seed_following,realDonaldTrump
1046783815937662976,SpectrumNews1OH,Spectrum News 1 OH,5346,267,False,seed_following,Jim_Jordan
404422077,SquawkCNBC,Squawk Box,656884,1261,True,seed_following,DonaldJTrumpJr
9624742,StateDept,Department of State,6713445,452,True,seed_following,DanScavino
16303106,StephenAtHome,Stephen Colbert,16640798,47,True,seed_following,RobertKennedyJr
1329891389430243330,StephenM,Stephen Miller,1745927,357,True,seed_following,Jim_Jordan
11651202,SteveDaines,Steve Daines,101239,732,True,seed_following,DanScavino
341194704,SteveGuest,Steve Guest,138612,4586,True,seed_following,Jim_Jordan
14824849,SteveMartinToGo,Steve Martin,8553554,400,True,seed_following,RobertKennedyJr
1586116111237611524,StrictSpeaking,Strictly Speaking Unfiltered with Bob Frantz,13300,6290,True,seed_following,Jim_Jordan
14281466,Survival,Survival International,57988,5739,False,seed_following,RobertKennedyJr
17903209,SusanHW,Susan,7196,7845,True,seed_following,Jim_Jordan
1670445392,SusanManchester,Susan Manchester,3276,555,False,seed_following,Jim_Jordan
18004872,SusieWiles,Susie Wiles,321956,975,True,seed_following,RobertKennedyJr
15501326,SuzieMarcy,Suzie Marcy,1574,2153,False,seed_following,Jim_Jordan
1090287502475317248,TABYTCHI,Taylor Day,57579,2033,True,seed_following,DonaldJTrumpJr
1714329704512032768,TCNetwork,TCN,931323,352,False,seed_following,Jim_Jordan
539754845,TEMPLERTV,TEMPLER,19585,595,True,seed_following,kimguilfoyle
16331010,TMZ,TMZ,8766059,950,True,seed_following,DanScavino
10102142,TNGOP,TNGOP,17908,703,False,seed_following,DanScavino
7744592,TODAYshow,TODAY,3814349,7076,True,seed_following,kimguilfoyle
1459234662367129601,TPAction,Turning Point Action,255808,499,False,seed_following,DanScavino
